portfolio,split_date,factor,beta,mse_static,mae_static,mse_regime,mae_regime,delta_mse,delta_mae,pct_mse_improvement,dm_se_stat,dm_se_pvalue,dm_ae_stat,dm_ae_pvalue,rsq_static,rsq_augmented,rsq_lift,n_train,n_test
Lo 30,1995-01-01,Mkt-RF,1.0400933303593793,0.0039797766017736535,0.047973725292003486,0.003942682992189768,0.04788554720798978,-3.70936095838853e-05,-8.817808401370697e-05,0.9320525571046857,0.7168864134418321,0.473444185952155,0.3865019562359564,0.6991249540897255,0.9791178150542592,0.9796635060753168,0.0005456910210576149,816,371
Lo 30,1995-01-01,SMB,1.204538430153078,0.0039797766017736535,0.047973725292003486,0.003953099110403739,0.04804683114057833,-2.66774913699145e-05,7.31058485748462e-05,0.6703263534446942,1.2410766279011818,0.21457744264820366,-0.4594927297929982,0.645880371674173,0.9791178150542592,0.9796635060753168,0.0005456910210576149,816,371
Lo 30,1995-01-01,HML,0.4623698450836767,0.0039797766017736535,0.047973725292003486,0.003986340691033269,0.0479844527181654,6.564089259615893e-06,1.0727426161913356e-05,-0.16493612371836394,-0.36592503830651607,0.7144210123220034,-0.10670329112357003,0.9150243715771029,0.9791178150542592,0.9796635060753168,0.0005456910210576149,816,371
Lo 30,1995-01-01,UMD,-0.07127441747660954,0.0039797766017736535,0.047973725292003486,0.003972362472635915,0.04791074837067933,-7.414129137738555e-06,-6.297692132415517e-05,0.1862951084850925,1.2974389999644231,0.19448018091933994,2.106137002299178,0.03519245347117006,0.9791178150542592,0.9796635060753168,0.0005456910210576149,816,371
Med 40,1995-01-01,Mkt-RF,1.065661296894441,0.0030195239791116074,0.04196342060409049,0.0029878220159261833,0.04184600504094495,-3.170196318542408e-05,-0.0001174155631455398,1.0498993684014826,0.635219781044845,0.5252850837804997,0.501925513073009,0.6157199179601023,0.9822462288165072,0.9827671365290651,0.000520907712557861,816,371
Med 40,1995-01-01,SMB,0.5592583236277212,0.0030195239791116074,0.04196342060409049,0.0030142384923512195,0.04208347265330946,-5.285486760387911e-06,0.00012005204921897161,0.17504370877501646,0.6580752221051457,0.5104897965846513,-1.6202646486651149,0.10517543934523821,0.9822462288165072,0.9827671365290651,0.000520907712557861,816,371
Med 40,1995-01-01,HML,0.18885411820280232,0.0030195239791116074,0.04196342060409049,0.0030223409708173515,0.0419788885839176,2.8169917057441034e-06,1.5467979827113454e-05,-0.0932925760891923,-0.4617158546114897,0.6442850999045622,-0.3741039778857888,0.7083269593074144,0.9822462288165072,0.9827671365290651,0.000520907712557861,816,371
Med 40,1995-01-01,UMD,0.0015018312590272653,0.0030195239791116074,0.04196342060409049,0.003019619782562623,0.04196418374698449,9.580345101565732e-08,7.631428940030327e-07,-0.0031727998081288377,-0.9847372861018477,0.3247531327336173,-1.2063784173928869,0.22767161394865365,0.9822462288165072,0.9827671365290651,0.000520907712557861,816,371
Hi 30,1995-01-01,Mkt-RF,0.991881834396742,0.001917070298803664,0.03356033639871023,0.0018806677054102358,0.03327440621310223,-3.640259339342819e-05,-0.00028593018560799793,1.898865858813055,0.9820839592971846,0.3260584872473504,1.3259417476332025,0.1848589933072995,0.9983084194728555,0.998383767818574,7.534834571842897e-05,816,371
Hi 30,1995-01-01,SMB,-0.12363912222459238,0.001917070298803664,0.03356033639871023,0.0019161204577171152,0.03351581279718825,-9.498410865488045e-07,-4.4523601521975764e-05,0.049546492225222366,0.6710203057183715,0.5022075939173409,2.732771133611722,0.006280395600561484,0.9983084194728555,0.998383767818574,7.534834571842897e-05,816,371
Hi 30,1995-01-01,HML,-0.008002019372914958,0.001917070298803664,0.03356033639871023,0.001916938049138196,0.03355938824936138,-1.3224966546789702e-07,-9.481493488464054e-07,0.006898529780072573,0.6516944575416598,0.51459829876665,0.5401529021174948,0.5890915899797671,0.9983084194728555,0.998383767818574,7.534834571842897e-05,816,371
Hi 30,1995-01-01,UMD,-0.006164148737245603,0.001917070298803664,0.03356033639871023,0.0019170223049878943,0.033558061432141184,-4.799381576967715e-08,-2.2749665690435794e-06,0.0025034979572542224,0.15212710283934075,0.8790866880137811,0.8753796957762097,0.3813673437577536,0.9983084194728555,0.998383767818574,7.534834571842897e-05,816,371
Lo 20,1995-01-01,Mkt-RF,1.013664793854023,0.004170835283895039,0.048877648512235035,0.004133682377053405,0.048845792064287887,-3.715290684163427e-05,-3.185644794714837e-05,0.8907785686261408,0.7382855330327519,0.46034095582739987,0.1437457188086026,0.8857012676815803,0.9536241254565694,0.9555486882100497,0.0019245627534802967,816,371
Lo 20,1995-01-01,SMB,1.4074040503071006,0.004170835283895039,0.048877648512235035,0.004131225897085875,0.04890168553842653,-3.960938680916404e-05,2.4037026191497946e-05,0.949675163680255,1.4858927540887654,0.13730749050243984,-0.12928354216407703,0.8971332935898997,0.9536241254565694,0.9555486882100497,0.0019245627534802967,816,371
Lo 20,1995-01-01,HML,0.5751418152129154,0.004170835283895039,0.048877648512235035,0.004178271641901182,0.048932956725706515,7.4363580061433815e-06,5.5308213471480516e-05,-0.1782942144672458,-0.3162382955706211,0.7518216424303303,-0.4384504159105273,0.6610598064702082,0.9536241254565694,0.9555486882100497,0.0019245627534802967,816,371
Lo 20,1995-01-01,UMD,-0.08233939025208797,0.004170835283895039,0.048877648512235035,0.004161060255948063,0.04879422595700796,-9.775027946975524e-06,-8.342255522707231e-05,0.23436619481762103,1.4082475629838094,0.1590577768257404,2.419658296502298,0.015535097526416797,0.9536241254565694,0.9555486882100497,0.0019245627534802967,816,371
Qnt 2,1995-01-01,Mkt-RF,1.0540228199792836,0.003721979659665946,0.04656378362665808,0.003687881451141546,0.04646702307574368,-3.409820852439977e-05,-9.676055091439872e-05,0.9161309744357965,0.6537580839312307,0.5132676753434084,0.42012415462520436,0.6743947579609735,0.9845381646115943,0.9847569344940288,0.0002187698824345219,816,371
Qnt 2,1995-01-01,SMB,0.9388952479083514,0.003721979659665946,0.04656378362665808,0.0037059964786565385,0.04670301246199126,-1.5983181009407346e-05,0.00013922883533318275,0.42942687684762537,1.039690783408417,0.2984835839377298,-1.1249557058287478,0.2606078045421425,0.9845381646115943,0.9847569344940288,0.0002187698824345219,816,371
Qnt 2,1995-01-01,HML,0.34121778831848953,0.003721979659665946,0.04656378362665808,0.0037281374787690746,0.04657971066145651,6.157819103128764e-06,1.592703479843388e-05,-0.16544472743522298,-0.49882654391615966,0.6179015861057113,-0.2156360288602023,0.8292714694590959,0.9845381646115943,0.9847569344940288,0.0002187698824345219,816,371
Qnt 2,1995-01-01,UMD,-0.03878164426942716,0.003721979659665946,0.04656378362665808,0.003718918970197203,0.04652884379901155,-3.0606894687429907e-06,-3.493982764652542e-05,0.08223283705472192,1.079660199498059,0.2802935234845241,2.1480133377360167,0.0317126959160654,0.9845381646115943,0.9847569344940288,0.0002187698824345219,816,371
Qnt 3,1995-01-01,Mkt-RF,1.0722990256027058,0.003105749249676412,0.04282405561281096,0.0030748218834727734,0.042715586117449994,-3.092736620363863e-05,-0.00010846949536096745,0.9958101481264449,0.6144163594539029,0.5389402280056685,0.4620185900714155,0.6440679892107037,0.9778836850559588,0.978581579849298,0.0006978947933392599,816,371
Qnt 3,1995-01-01,SMB,0.5915215005004933,0.003105749249676412,0.04282405561281096,0.003098959296450625,0.04295268442333656,-6.789953225787033e-06,0.00012862881052559672,0.21862528748882343,0.8032828673086254,0.4218112581902891,-1.6424322475705022,0.10050045648871286,0.9778836850559588,0.978581579849298,0.0006978947933392599,816,371
Qnt 3,1995-01-01,HML,0.2114105004768925,0.003105749249676412,0.04282405561281096,0.0031102648764512156,0.04285264999368777,4.515626774803574e-06,2.85943808768091e-05,-0.14539572939682935,-0.6647234824285134,0.5062273714672769,-0.6167265544875581,0.5374151030405392,0.9778836850559588,0.978581579849298,0.0006978947933392599,816,371
Qnt 3,1995-01-01,UMD,-0.014470883830089019,0.003105749249676412,0.04282405561281096,0.0031049262994277817,0.04281619067816391,-8.229502486303657e-07,-7.864934647050514e-06,0.026497639779390073,0.8822856885368918,0.37762233372752974,1.2935025718268605,0.19583729514814863,0.9778836850559588,0.978581579849298,0.0006978947933392599,816,371
Qnt 4,1995-01-01,Mkt-RF,1.0575510496788694,0.0026562354990426825,0.039145385418318045,0.0026219785927980906,0.03892223963230125,-3.4256906244591826e-05,-0.0002231457860167943,1.28967880509609,0.7278847652676647,0.46668412981008434,0.9656553182605647,0.33421668472226784,0.9704420610309651,0.9709191314811155,0.0004770704501504408,816,371
Qnt 4,1995-01-01,SMB,0.27027741561469076,0.0026562354990426825,0.039145385418318045,0.0026548698509453526,0.03921907972094089,-1.3656480973298427e-06,7.36943026228426e-05,0.05141291492497663,0.3697174700675058,0.7115930135025759,-2.06027813196637,0.039371959255294575,0.9704420610309651,0.9709191314811155,0.0004770704501504408,816,371
Qnt 4,1995-01-01,HML,0.1295368202928394,0.0026562354990426825,0.039145385418318045,0.0026568958248079106,0.03915666336931769,6.603257652281445e-07,1.1277950999644126e-05,-0.024859458638593172,-0.16780079335738976,0.866739998340923,-0.40004852198958285,0.6891207787263602,0.9704420610309651,0.9709191314811155,0.0004770704501504408,816,371
Qnt 4,1995-01-01,UMD,-0.0064911104645732545,0.0026562354990426825,0.039145385418318045,0.002655833910813423,0.039141864811226376,-4.015882292592726e-07,-3.520607091668515e-06,0.015118698225515266,0.9795952541872331,0.327285948494368,1.288002491927311,0.1977450957418354,0.9704420610309651,0.9709191314811155,0.0004770704501504408,816,371
Hi 20,1995-01-01,Mkt-RF,0.986956048459109,0.001897141211658938,0.033421122364039754,0.0018607728925108407,0.03309543230888855,-3.636831914809722e-05,-0.0003256900551512065,1.917006437085159,0.9976945069232085,0.3184275176686917,1.5163877642683627,0.12942133115447585,0.996625649468676,0.9967354702451556,0.00010982077647958555,816,371
Hi 20,1995-01-01,SMB,-0.155933301018006,0.001897141211658938,0.033421122364039754,0.0018957679031576357,0.033361099793256126,-1.3733085013022377e-06,-6.002257078362855e-05,0.0723883121015204,0.7709421641092544,0.44074121357762497,2.925311151457686,0.003441119652725755,0.996625649468676,0.9967354702451556,0.00010982077647958555,816,371
Hi 20,1995-01-01,HML,-0.01649931921746348,0.001897141211658938,0.033421122364039754,0.0018968549307306474,0.033419637718679854,-2.8628092829056234e-07,-1.4846453599004494e-06,0.015090122260336467,0.6865699246938468,0.49235378625022985,0.41013194444960427,0.6817091605537531,0.996625649468676,0.9967354702451556,0.00010982077647958555,816,371
Hi 20,1995-01-01,UMD,-0.0061039923773826416,0.001897141211658938,0.033421122364039754,0.001897116623179796,0.03341987841982969,-2.4588479141879685e-08,-1.2439442100622977e-06,0.0012960805969935423,0.07944857454116522,0.9366758338173986,0.4830235019077956,0.6290790490527765,0.996625649468676,0.9967354702451556,0.00010982077647958555,816,371
Lo 10,1995-01-01,Mkt-RF,0.9557423683382181,0.004027555318488058,0.04715816751228796,0.003994390114926069,0.04716310588918776,-3.3165203561989244e-05,4.938376899799035e-06,0.8234574311058611,0.7218582112765985,0.4703816558638303,-0.024096947956975184,0.9807752777944894,0.8916834366639307,0.8961762569773946,0.0044928203134638744,816,371
Lo 10,1995-01-01,SMB,1.6698505126623988,0.004027555318488058,0.04715816751228796,0.003967273188369451,0.04706439892810227,-6.028213011860777e-05,-9.376858418569389e-05,1.4967424492443135,1.910191585286459,0.056108550205907326,0.42694321323522616,0.6694206895683252,0.8916834366639307,0.8961762569773946,0.0044928203134638744,816,371
Lo 10,1995-01-01,HML,0.7768557190777821,0.004027555318488058,0.04715816751228796,0.004043211778176978,0.04725291973702995,1.565645968891992e-05,9.475222474198547e-05,-0.38873357287113175,-0.49531839225502633,0.6203753901096767,-0.560659168190222,0.575029907633624,0.8916834366639307,0.8961762569773946,0.0044928203134638744,816,371
Lo 10,1995-01-01,UMD,-0.15667709701082655,0.004027555318488058,0.04715816751228796,0.00400982610019171,0.04700258088347545,-1.7729218296348194e-05,-0.00015558662881251517,0.4401980083293736,1.3290137344105981,0.18384343869263597,2.3922910196095493,0.016743560250816136,0.8916834366639307,0.8961762569773946,0.0044928203134638744,816,371
2-Dec,1995-01-01,Mkt-RF,1.0504324706049781,0.004485871595162418,0.05117631005232279,0.004446856165522222,0.05114947201831683,-3.901542964019657e-05,-2.683803400595902e-05,0.8697402235559074,0.7203659498024308,0.4712997090286224,0.11669054345256942,0.9071052843095866,0.9606198883913937,0.9617397666408507,0.0011198782494570292,816,371
2-Dec,1995-01-01,SMB,1.2712165953019499,0.004485871595162418,0.05117631005232279,0.004455386626441865,0.05121358335585802,-3.048496872055332e-05,3.727330353522906e-05,0.6795773814263527,1.2443519006622654,0.21337007719938894,-0.2235991064473719,0.8230692590174402,0.9606198883913937,0.9617397666408507,0.0011198782494570292,816,371
2-Dec,1995-01-01,HML,0.48724112957718513,0.004485871595162418,0.05117631005232279,0.004490235368013532,0.05120810591964949,4.3637728511141186e-06,3.179586732670464e-05,-0.09727814892918532,-0.21474607775775592,0.8299652956899359,-0.29935894969541643,0.7646661801610257,0.9606198883913937,0.9617397666408507,0.0011198782494570292,816,371
2-Dec,1995-01-01,UMD,-0.05994574067065643,0.004485871595162418,0.05117631005232279,0.004478617668048009,0.05112892713459197,-7.253927114409149e-06,-4.7382917730820484e-05,0.16170608009002785,1.4194948404861494,0.15575480001702235,1.8840705449758224,0.05955543383609552,0.9606198883913937,0.9617397666408507,0.0011198782494570292,816,371
3-Dec,1995-01-01,Mkt-RF,1.0709141844034213,0.0038934464529936383,0.047937773505628514,0.0038570312368256263,0.04778762725104645,-3.641521616801202e-05,-0.00015014625458206754,0.9352951583554634,0.6771378397007523,0.4983185024683374,0.6391233193927293,0.5227427108017042,0.9767172568763901,0.9768747113237101,0.00015745444731996017,816,371
3-Dec,1995-01-01,SMB,1.0110319048097174,0.0038934464529936383,0.047937773505628514,0.0038777306862765606,0.04808308636909538,-1.571576671707776e-05,0.00014531286346686906,0.4036466638701051,0.9325474519114695,0.35105367560186096,-1.0849275207624787,0.27795375782239073,0.9767172568763901,0.9768747113237101,0.00015745444731996017,816,371
3-Dec,1995-01-01,HML,0.37044594802512565,0.0038934464529936383,0.047937773505628514,0.0039002846688700465,0.047942710721302295,6.8382158764082254e-06,4.937215673780915e-06,-0.1756340034200388,-0.5060742876363261,0.6128045000723101,-0.06126715371037416,0.9511464491838526,0.9767172568763901,0.9768747113237101,0.00015745444731996017,816,371
3-Dec,1995-01-01,UMD,-0.07410098588910595,0.0038934464529936383,0.047937773505628514,0.0038874736177377713,0.0478740073984416,-5.972835255866997e-06,-6.376610718691195e-05,0.15340740724132815,1.06930929160951,0.2849303251739248,2.0505501279713036,0.040310777365576644,0.9767172568763901,0.9768747113237101,0.00015745444731996017,816,371
4-Dec,1995-01-01,Mkt-RF,1.0445101710844626,0.0036555444568353687,0.0458578629565032,0.0036231748827071793,0.045841894765685065,-3.236957412818941e-05,-1.5968190818137218e-05,0.8854925582333633,0.6320268970861863,0.5273693017198995,0.06997083376279281,0.9442168740081411,0.9753623557378998,0.9756593698368224,0.0002970140989226877,816,371
4-Dec,1995-01-01,SMB,0.8916153487985993,0.0036555444568353687,0.0458578629565032,0.0036392377143013225,0.04603920426846155,-1.6306742534046188e-05,0.00018134131195834957,0.44608245711674516,1.1204959180976284,0.2625024910806335,-1.54740333660256,0.12176601717391433,0.9753623557378998,0.9756593698368224,0.0002970140989226877,816,371
4-Dec,1995-01-01,HML,0.3246531680907863,0.0036555444568353687,0.0458578629565032,0.0036613122904350284,0.045892270475588866,5.767833599659624e-06,3.440751908566353e-05,-0.15778316110681032,-0.48985442683050623,0.6242369136848012,-0.4950707787497703,0.6205501597718237,0.9753623557378998,0.9756593698368224,0.0002970140989226877,816,371
4-Dec,1995-01-01,UMD,-0.01699148103601198,0.0036555444568353687,0.0458578629565032,0.0036542261443280556,0.045842708993642414,-1.3183125073131484e-06,-1.5153962860788017e-05,0.03606336957133934,1.0783297886286727,0.28088660785053987,2.1260964685036767,0.03349522792729798,0.9753623557378998,0.9756593698368224,0.0002970140989226877,816,371
5-Dec,1995-01-01,Mkt-RF,1.0589216056231257,0.003456338678434503,0.04497166475080581,0.0034278744661525784,0.044895830211237164,-2.8464212281924424e-05,-7.583453956864356e-05,0.8235365492254615,0.5512326109535375,0.5814742275962697,0.32643094124911476,0.7440983307560307,0.9780689347830602,0.9784827539252,0.0004138191421397819,816,371
5-Dec,1995-01-01,SMB,0.7239558406651524,0.003456338678434503,0.04497166475080581,0.003448452617415314,0.04512469896120868,-7.886061019188751e-06,0.00015303421040287202,0.22816227670028635,0.71161598716393,0.4767026043993876,-1.6026512039180845,0.10901168226012348,0.9780689347830602,0.9784827539252,0.0004138191421397819,816,371
5-Dec,1995-01-01,HML,0.18670506321006908,0.003456338678434503,0.04497166475080581,0.003458947024804378,0.044989219358575416,2.6083463698753535e-06,1.7554607769608432e-05,-0.07546558982051971,-0.410189091985172,0.681667241976954,-0.4296763978812492,0.667431054548582,0.9780689347830602,0.9784827539252,0.0004138191421397819,816,371
5-Dec,1995-01-01,UMD,-0.010361893261469808,0.003456338678434503,0.04497166475080581,0.0034556158096370124,0.04496561601892961,-7.228687974904224e-07,-6.048731876200086e-06,0.0209142929771522,0.9932120728697312,0.3206066161007177,1.3867495759776574,0.16551813767791357,0.9780689347830602,0.9784827539252,0.0004138191421397819,816,371
6-Dec,1995-01-01,Mkt-RF,1.0808339575734651,0.0029193116168421095,0.04166057654193742,0.0028866196336479574,0.04159522615565597,-3.269198319415202e-05,-6.535038628145001e-05,1.1198524681484923,0.659939882578983,0.5092924091167794,0.27590945794897015,0.7826176093909714,0.96386032032221,0.964835809147267,0.000975488825056936,816,371
6-Dec,1995-01-01,SMB,0.4999692966832356,0.0029193116168421095,0.04166057654193742,0.0029135117908276093,0.04172097995701538,-5.799826014500197e-06,6.0403415077958655e-05,0.19867101480499058,0.8433404483876488,0.39903806720320856,-0.9111165691415868,0.36223395710258766,0.96386032032221,0.964835809147267,0.000975488825056936,816,371
6-Dec,1995-01-01,HML,0.22821521077592263,0.0029193116168421095,0.04166057654193742,0.002925428265895383,0.04168717250420279,6.1166490532733875e-06,2.6595962265368867e-05,-0.20952367736233368,-0.8614995497000403,0.38896296906552164,-0.5312575044798005,0.5952403490713452,0.96386032032221,0.964835809147267,0.000975488825056936,816,371
6-Dec,1995-01-01,UMD,-0.01750336507749964,0.0029193116168421095,0.04166057654193742,0.0029184747055985994,0.04165116980326588,-8.369112435100551e-07,-9.406738671544068e-06,0.028668102393788378,0.7852677765221812,0.4322965846099356,1.276197641278421,0.201885662240618,0.96386032032221,0.964835809147267,0.000975488825056936,816,371
7-Dec,1995-01-01,Mkt-RF,1.0687896016318104,0.0028144041144777567,0.04014852742983965,0.0027824600882511374,0.04003126855195346,-3.1944026226619297e-05,-0.00011725887788619632,1.1350191702141843,0.648007047597364,0.5169803920197471,0.5002328205309299,0.6169111509224068,0.9633071257064745,0.9637897599848616,0.00048263427838712847,816,371
7-Dec,1995-01-01,SMB,0.4137288078803637,0.0028144041144777567,0.04014852742983965,0.0028128713311069914,0.040240950192979234,-1.532783370765227e-06,9.242276313958103e-05,0.05446209245077271,0.2628145197640537,0.7926935436887343,-1.6891637553072976,0.09118805270359975,0.9633071257064745,0.9637897599848616,0.00048263427838712847,816,371
7-Dec,1995-01-01,HML,0.1367343742606305,0.0028144041144777567,0.04014852742983965,0.0028152381989736954,0.040145678092766125,8.340844959387958e-07,-2.8493370735280243e-06,-0.029636273328628546,-0.19312659940906923,0.8468598214684695,0.0970235764817775,0.9227076714510245,0.9633071257064745,0.9637897599848616,0.00048263427838712847,816,371
7-Dec,1995-01-01,UMD,0.019445982233149882,0.0028144041144777567,0.04014852742983965,0.0028156681913604448,0.0401636160885922,1.2640768826881026e-06,1.5088658752548945e-05,-0.044914547849951025,-1.0196210233502614,0.30790823042991455,-1.847149675819507,0.06472545058507673,0.9633071257064745,0.9637897599848616,0.00048263427838712847,816,371
8-Dec,1995-01-01,Mkt-RF,1.050220974755253,0.0026138062501023327,0.03892643359230467,0.0025783360612012898,0.03871035991579455,-3.547018890104293e-05,-0.00021607367651011594,1.357032063859142,0.7716319177643947,0.44033246456693664,0.9401849796932003,0.347122684963852,0.9607380751706169,0.9613089676133463,0.0005708924427293427,816,371
8-Dec,1995-01-01,SMB,0.1885430657468503,0.0026138062501023327,0.03892643359230467,0.002612716684056971,0.038969751977334106,-1.0895660453617492e-06,4.331838502943941e-05,0.04168503481538051,0.42703596052815723,0.6693531355798301,-1.7351227843789145,0.08271905943647573,0.9607380751706169,0.9613089676133463,0.0005708924427293427,816,371
8-Dec,1995-01-01,HML,0.12743573378780634,0.0026138062501023327,0.03892643359230467,0.002614358326061848,0.03892636912789206,5.520759595151713e-07,-6.446441260660185e-08,-0.021121533376605748,-0.14490144630626106,0.8847886845016466,0.002305137005109639,0.9981607684019287,0.9607380751706169,0.9613089676133463,0.0005708924427293427,816,371
8-Dec,1995-01-01,UMD,-0.022161553986154308,0.0026138062501023327,0.03892643359230467,0.0026124641436462977,0.038916728781644934,-1.342106456035056e-06,-9.704810659733054e-06,0.0513468225115198,0.9582239771949547,0.33794982907440874,1.039119342819998,0.29874923608246284,0.9607380751706169,0.9613089676133463,0.0005708924427293427,816,371
9-Dec,1995-01-01,Mkt-RF,1.0401402489600076,0.0021734163779006574,0.03546568858675527,0.002143858073402,0.035241712227458456,-2.9558304498657467e-05,-0.00022397635929681525,1.3599927192601895,0.6868184906003127,0.49219711616817863,0.9825077078425014,0.32584978755904515,0.9678901084114458,0.9681020363260334,0.00021192791458757299,816,371
9-Dec,1995-01-01,SMB,0.0424510684430034,0.0021734163779006574,0.03546568858675527,0.0021735548721848836,0.03547600813916345,1.3849428422618368e-07,1.0319552408176447e-05,-0.006372192904884513,-0.2707826351566766,0.7865582162319456,-1.837194684558212,0.06618116009869457,0.9678901084114458,0.9681020363260334,0.00021192791458757299,816,371
9-Dec,1995-01-01,HML,0.09306122187202268,0.0021734163779006574,0.03546568858675527,0.002174028854602483,0.035469814206982926,6.124767018256781e-07,4.125620227654614e-06,-0.028180366544273517,-0.24289394695271316,0.8080875548123974,-0.2030220457550857,0.8391178010069078,0.9678901084114458,0.9681020363260334,0.00021192791458757299,816,371
9-Dec,1995-01-01,UMD,-0.03570865909772695,0.0021734163779006574,0.03546568858675527,0.0021725462637117595,0.03545914387914796,-8.70114188897958e-07,-6.544707607310241e-06,0.04003439919498616,0.4420027962233043,0.6584871824937784,0.4343819827849715,0.6640110791181495,0.9678901084114458,0.9681020363260334,0.00021192791458757299,816,371
Hi 10,1995-01-01,Mkt-RF,0.9764276832849019,0.0019016032625907146,0.03354540424660412,0.0018644648695444082,0.03322690634852,-3.713839304630637e-05,-0.0003184978980841219,1.9530042768074347,1.0471239117677702,0.2950424322114866,1.4941881357449538,0.1351264527097633,0.9909381478293161,0.9911561897399682,0.00021804191065211143,816,371
Hi 10,1995-01-01,SMB,-0.2009538373960565,0.0019016032625907146,0.03354540424660412,0.0018996545611656987,0.0334737004396801,-1.9487014250158235e-06,-7.170380692402001e-05,0.10247676070774842,0.8431516195370173,0.39914365235597815,2.707290310055991,0.006783490894233912,0.9909381478293161,0.9911561897399682,0.00021804191065211143,816,371
Hi 10,1995-01-01,HML,-0.03581287918078867,0.0019016032625907146,0.03354540424660412,0.001900928129282472,0.03354278340078252,-6.751333082425943e-07,-2.620845821602047e-06,0.03550337347038431,0.7434164061767917,0.45722961452198163,0.33353055219582584,0.738733831075415,0.9909381478293161,0.9911561897399682,0.00021804191065211143,816,371
Hi 10,1995-01-01,UMD,-0.0019213211013881038,0.0019016032625907146,0.03354540424660412,0.001901601137575367,0.03354499919993418,-2.125015347497969e-09,-4.050466699406785e-07,0.00011174861703817658,0.021860509943219884,0.982559225741132,0.49968473709297434,0.6172970812219825,0.9909381478293161,0.9911561897399682,0.00021804191065211143,816,371
Lo 30,2000-01-01,Mkt-RF,1.0449104555720747,0.004161357916622134,0.04932784984363298,0.004132688593528831,0.04922264299937533,-2.8669323093303244e-05,-0.00010520684425765342,0.6889415346559463,0.4557592091386856,0.6485631396487515,0.37460641631820235,0.7079532004432023,0.9791178150542592,0.9796635060753168,0.0005456910210576149,876,311
Lo 30,2000-01-01,SMB,1.194633304998494,0.004161357916622134,0.04932784984363298,0.004138483666496794,0.049333958884317124,-2.2874250125340563e-05,6.109040684140754e-06,0.5496823533003885,1.0582184343300516,0.2899558688589172,-0.036963500919656896,0.97051410788686,0.9791178150542592,0.9796635060753168,0.0005456910210576149,876,311
Lo 30,2000-01-01,HML,0.4592515976793916,0.004161357916622134,0.04932784984363298,0.004172262968503621,0.04933129090192096,1.0905051881487243e-05,3.4410582879784712e-06,-0.26205512959911686,-0.5411432988817686,0.5884088158723775,-0.03058500749568193,0.9756004988422555,0.9791178150542592,0.9796635060753168,0.0005456910210576149,876,311
Lo 30,2000-01-01,UMD,-0.06690466870813697,0.004161357916622134,0.04932784984363298,0.004156061811536701,0.04927558456137504,-5.296105085433531e-06,-5.226528225794197e-05,0.1272686750706725,0.9421740466983384,0.34610353911065106,1.808327084828733,0.07055560884714107,0.9791178150542592,0.9796635060753168,0.0005456910210576149,876,311
Med 40,2000-01-01,Mkt-RF,1.0628196493598177,0.003133422405136788,0.043117974129703744,0.0031068815965069594,0.04298016315512658,-2.6540808629828706e-05,-0.00013781097457716412,0.8470230054626191,0.4395304125700543,0.6602772504248526,0.48165301094280255,0.6300524614309297,0.9822462288165072,0.9827671365290651,0.000520907712557861,876,311
Med 40,2000-01-01,SMB,0.5662534243279899,0.003133422405136788,0.043117974129703744,0.0031279164094213164,0.04322730604499234,-5.505995715471713e-06,0.00010933191528859909,0.17571827234162357,0.6384192916135984,0.5232007762431383,-1.3904426019906528,0.16439451746516442,0.9822462288165072,0.9827671365290651,0.000520907712557861,876,311
Med 40,2000-01-01,HML,0.18832079604417054,0.003133422405136788,0.043117974129703744,0.0031377068839268216,0.043129293730865416,4.28447879003346e-06,1.1319601161671744e-05,-0.13673479780477996,-0.6236499592726311,0.532857493096994,-0.24339849510833006,0.8076967094917387,0.9822462288165072,0.9827671365290651,0.000520907712557861,876,311
Med 40,2000-01-01,UMD,-0.0009681891516082411,0.003133422405136788,0.043117974129703744,0.003133384208874975,0.04311748448325916,-3.8196261813172594e-08,-4.896464445847126e-07,0.0012189949797561735,0.5842173548154802,0.559074086782245,1.167109830007729,0.24316601860504283,0.9822462288165072,0.9827671365290651,0.000520907712557861,876,311
Hi 30,2000-01-01,Mkt-RF,0.9924339365464506,0.0019418259002479657,0.033407976185232405,0.0019029715390077684,0.033094934812572634,-3.885436124019732e-05,-0.0003130413726597711,2.000918889548014,0.8663538349510596,0.38629615212204227,1.1843571078665622,0.23627173147168312,0.9983084194728555,0.998383767818574,7.534834571842897e-05,876,311
Hi 30,2000-01-01,SMB,-0.12779596598979476,0.0019418259002479657,0.033407976185232405,0.0019423037434532764,0.033376232353024164,4.778432053107254e-07,-3.174383220824056e-05,-0.02460793242327781,-0.3068083040853164,0.7589892871687347,1.7913040815652421,0.07324451151675837,0.9983084194728555,0.998383767818574,7.534834571842897e-05,876,311
Hi 30,2000-01-01,HML,-0.006096566447365004,0.0019418259002479657,0.033407976185232405,0.0019417027927506507,0.033407558794585415,-1.2310749731496255e-07,-4.17390646989535e-07,0.006339780373680363,0.7008483494004354,0.4833976609139108,0.2768606681375512,0.781887094717695,0.9983084194728555,0.998383767818574,7.534834571842897e-05,876,311
Hi 30,2000-01-01,UMD,-0.005400917915166451,0.0019418259002479657,0.033407976185232405,0.0019418525112310826,0.03340643766362715,2.6610983116940115e-08,-1.5385216052543615e-06,-0.0013704103500495057,-0.0918166075211723,0.9268437489054586,0.65640640360934,0.5115626713334287,0.9983084194728555,0.998383767818574,7.534834571842897e-05,876,311
Lo 20,2000-01-01,Mkt-RF,1.0227635509157844,0.004379731065767307,0.05043608113465185,0.004352850940732075,0.05039599527208419,-2.6880125035232127e-05,-4.008586256766533e-05,0.6137391687204626,0.43823849363414197,0.6612134070049278,0.14638402155577374,0.8836182403847614,0.9536241254565694,0.9555486882100497,0.0019245627534802967,876,311
Lo 20,2000-01-01,SMB,1.3840592499603708,0.004379731065767307,0.05043608113465185,0.0043451648563571236,0.05034458806170144,-3.45662094101834e-05,-9.149307295041459e-05,0.7892313224517035,1.32430641905087,0.18540129953865758,0.4778083782739246,0.6327865973930615,0.9536241254565694,0.9555486882100497,0.0019245627534802967,876,311
Lo 20,2000-01-01,HML,0.5743076530391242,0.004379731065767307,0.05043608113465185,0.004393386510946486,0.05048219111331183,1.3655445179178681e-05,4.6109978659975015e-05,-0.31178729867484034,-0.5154760112094922,0.6062204285267925,-0.3247259072187757,0.7453885252191037,0.9536241254565694,0.9555486882100497,0.0019245627534802967,876,311
Lo 20,2000-01-01,UMD,-0.07322071496079016,0.004379731065767307,0.05043608113465185,0.004372898452114109,0.05037081047338949,-6.832613653197719e-06,-6.527066126236353e-05,0.15600532431323338,1.058151994310105,0.2899861531841146,2.0668052610980796,0.03875250754588211,0.9536241254565694,0.9555486882100497,0.0019245627534802967,876,311
Qnt 2,2000-01-01,Mkt-RF,1.0559984959502873,0.003851717140562567,0.04759565696163496,0.0038216272597419577,0.047467465734551004,-3.008988082060923e-05,-0.00012819122708395553,0.7812069194731786,0.4738425850046097,0.6356121645244448,0.453709408826719,0.6500379940032637,0.9845381646115943,0.9847569344940288,0.0002187698824345219,876,311
Qnt 2,2000-01-01,SMB,0.9443168623670815,0.003851717140562567,0.04759565696163496,0.0038381122316571378,0.047720518326162246,-1.3604908905429178e-05,0.00012486136452728724,0.35321671890584616,0.8482545200413777,0.3962962400994452,-0.9575828795897355,0.33827313560116146,0.9845381646115943,0.9847569344940288,0.0002187698824345219,876,311
Qnt 2,2000-01-01,HML,0.3337128904301567,0.003851717140562567,0.04759565696163496,0.003860834631952137,0.04760583404659537,9.117491389569986e-06,1.0177084960413807e-05,-0.2367123819543592,-0.668026578066303,0.5041166271232327,-0.12500331113216157,0.9005209289985248,0.9845381646115943,0.9847569344940288,0.0002187698824345219,876,311
Qnt 2,2000-01-01,UMD,-0.03837395044723449,0.003851717140562567,0.04759565696163496,0.003849627357470863,0.04756482106269316,-2.0897830917041525e-06,-3.083589894179589e-05,0.05425588160918086,0.7114312880337171,0.47681701616057337,1.8606888997661712,0.06278812230577713,0.9845381646115943,0.9847569344940288,0.0002187698824345219,876,311
Qnt 3,2000-01-01,Mkt-RF,1.0696011655242355,0.003203186706018338,0.043935371610212944,0.00317643525693919,0.04380051606235823,-2.6751449079148205e-05,-0.00013485554785471615,0.8351511021473081,0.4414705079531349,0.6588724077355437,0.469707082506356,0.6385643070622213,0.9778836850559588,0.978581579849298,0.0006978947933392599,876,311
Qnt 3,2000-01-01,SMB,0.5995982385702463,0.003203186706018338,0.043935371610212944,0.003196475784431099,0.044046272275954916,-6.710921587239297e-06,0.00011090066574197255,0.2095076623111109,0.732585955235835,0.46381099978022844,-1.3341337808239753,0.18216001663636971,0.9778836850559588,0.978581579849298,0.0006978947933392599,876,311
Qnt 3,2000-01-01,HML,0.20836616822142087,0.003203186706018338,0.043935371610212944,0.0032092087149615854,0.0439612338508799,6.022008943247243e-06,2.586224066695314e-05,-0.1880005599402849,-0.7918432812847335,0.42845206214046616,-0.5020720163175567,0.6156168637829098,0.9778836850559588,0.978581579849298,0.0006978947933392599,876,311
Qnt 3,2000-01-01,UMD,-0.019157898746832693,0.003203186706018338,0.043935371610212944,0.003202517252103255,0.04392673856177954,-6.694539150830549e-07,-8.633048433404067e-06,0.020899622049044,0.5186292177684996,0.6040193300771088,1.0486744068897778,0.2943279972793187,0.9778836850559588,0.978581579849298,0.0006978947933392599,876,311
Qnt 4,2000-01-01,Mkt-RF,1.0529979482666005,0.0027638280175904177,0.04009715125754294,0.0027321335529109435,0.03987649509532629,-3.169446467947423e-05,-0.00022065616221664947,1.146759656453094,0.5551208542631878,0.5788119994378031,0.7821636530018325,0.4341184022884266,0.9704420610309651,0.9709191314811155,0.0004770704501504408,876,311
Qnt 4,2000-01-01,SMB,0.28010766264083015,0.0027638280175904177,0.04009715125754294,0.0027620436017820283,0.04015756740074926,-1.7844158083893565e-06,6.04161432063155e-05,0.06456319991809982,0.4416247986310419,0.6587607358672665,-1.556951383251599,0.11948202853789325,0.9704420610309651,0.9709191314811155,0.0004770704501504408,876,311
Qnt 4,2000-01-01,HML,0.12984481244688936,0.0027638280175904177,0.04009715125754294,0.0027653733928859462,0.04010611016565392,1.5453752955285269e-06,8.958908110978658e-06,-0.055914307463885836,-0.34946281102662363,0.7267418854845533,-0.2815151510692771,0.7783153089094279,0.9704420610309651,0.9709191314811155,0.0004770704501504408,876,311
Qnt 4,2000-01-01,UMD,-0.009772703023173353,0.0027638280175904177,0.04009715125754294,0.0027634863687829247,0.04009395955823663,-3.416488074930307e-07,-3.1916993063138555e-06,0.012361435129776624,0.5355141690913341,0.5922943624394734,0.7527301039239287,0.45161211606301843,0.9704420610309651,0.9709191314811155,0.0004770704501504408,876,311
Hi 20,2000-01-01,Mkt-RF,0.9880846979278284,0.0019131890638540334,0.03317180328590925,0.0018743454215175061,0.032837354529102004,-3.884364233652728e-05,-0.00033444875680724295,2.030308612483834,0.8805394060022916,0.378567167605266,1.2691555790417348,0.20438558068583768,0.996625649468676,0.9967354702451556,0.00010982077647958555,876,311
Hi 20,2000-01-01,SMB,-0.16139954104316923,0.0019131890638540334,0.03317180328590925,0.0019137779555219755,0.03313042157421497,5.888916679421072e-07,-4.1381711694279955e-05,-0.030780631097473005,-0.30080557568996613,0.7635627564281313,1.8519169594206235,0.06403774821737973,0.996625649468676,0.9967354702451556,0.00010982077647958555,876,311
Hi 20,2000-01-01,HML,-0.014348222538306796,0.0019131890638540334,0.03317180328590925,0.001912891511468986,0.033171297641968016,-2.9755238504743965e-07,-5.056439412315372e-07,0.015552691088879304,0.7215346587083765,0.4705806245332509,0.14249872385848963,0.8866860872989366,0.996625649468676,0.9967354702451556,0.00010982077647958555,876,311
Hi 20,2000-01-01,UMD,-0.004667906767138148,0.0019131890638540334,0.03317180328590925,0.0019132242144058527,0.03317088468957633,3.515055181928413e-08,-9.185963329161329e-07,-0.0018372753892119226,-0.14152207613920917,0.8874575213175673,0.4532951708042222,0.650336209754035,0.996625649468676,0.9967354702451556,0.00010982077647958555,876,311
Lo 10,2000-01-01,Mkt-RF,0.9695556251483763,0.004229695672223081,0.04843155309870948,0.004207481586151984,0.04853803929703395,-2.2214086071097733e-05,0.00010648619832447082,0.5251934841785498,0.39461515757463966,0.6931269254226051,-0.4096367172518929,0.6820724582867064,0.8916834366639307,0.8961762569773946,0.0044928203134638744,876,311
Lo 10,2000-01-01,SMB,1.6271264939358554,0.004229695672223081,0.04843155309870948,0.004180043211010646,0.04832948563590299,-4.9652461212435287e-05,-0.00010206746280649187,1.1739015064017242,1.635808497416621,0.10187967305324364,0.4558105387293701,0.6485262250861383,0.8916834366639307,0.8961762569773946,0.0044928203134638744,876,311
Lo 10,2000-01-01,HML,0.7777990586259343,0.004229695672223081,0.04843155309870948,0.004254741375184186,0.04854324197835234,2.5045702961104706e-05,0.00011168887964285723,-0.5921395982595826,-0.6990222486101977,0.4845381267909741,-0.5864001220285248,0.5576066623270379,0.8916834366639307,0.8961762569773946,0.0044928203134638744,876,311
Lo 10,2000-01-01,UMD,-0.1429510028416227,0.004229695672223081,0.04843155309870948,0.004215982197698001,0.048300506056530294,-1.3713474525080087e-05,-0.00013104704217918595,0.32421894121456823,1.0685808648456288,0.2852585746611185,2.1424114961886898,0.03216038360680318,0.8916834366639307,0.8961762569773946,0.0044928203134638744,876,311
2-Dec,2000-01-01,Mkt-RF,1.0598495092830404,0.004691016460872417,0.0527205490463816,0.00466126835452256,0.052668247093182775,-2.9748106349856453e-05,-5.230195319882308e-05,0.634150542808456,0.45130906521177605,0.6517668121997371,0.18388913803698415,0.8541004260930753,0.9606198883913937,0.9617397666408507,0.0011198782494570292,876,311
2-Dec,2000-01-01,SMB,1.2587519954910387,0.004691016460872417,0.0527205490463816,0.004662001485666074,0.052655479077118476,-2.9014975206342712e-05,-6.506996926312208e-05,0.6185221358389057,1.192229195257927,0.23317138873538612,0.37521991748859856,0.7074969185230608,0.9606198883913937,0.9617397666408507,0.0011198782494570292,876,311
2-Dec,2000-01-01,HML,0.482295558383088,0.004691016460872417,0.0527205490463816,0.004700252219029956,0.05275936396523063,9.235758157539152e-06,3.881491884902971e-05,-0.19688181089480813,-0.4081996878136238,0.6831270773458336,-0.32685492203534716,0.7437776170072357,0.9606198883913937,0.9617397666408507,0.0011198782494570292,876,311
2-Dec,2000-01-01,UMD,-0.051739447466100395,0.004691016460872417,0.0527205490463816,0.004686419262309159,0.05268101081699352,-4.597198563258131e-06,-3.953822938807666e-05,0.09800005183531507,1.0046531467669717,0.31506389635067356,1.7749111585005295,0.07591255754355486,0.9606198883913937,0.9617397666408507,0.0011198782494570292,876,311
3-Dec,2000-01-01,Mkt-RF,1.0727543998946933,0.004035879033951451,0.04911483394265067,0.004004477045183583,0.048911088689493,-3.1401988767868275e-05,-0.00020374525315766667,0.7780706137052675,0.48078837807536356,0.6306669110453047,0.7064568404456829,0.47990408368248527,0.9767172568763901,0.9768747113237101,0.00015745444731996017,876,311
3-Dec,2000-01-01,SMB,1.0132466921166958,0.004035879033951451,0.04911483394265067,0.004023059638901616,0.04923278667237031,-1.281939504983471e-05,0.00011795272971964338,0.31763576018985606,0.7289750093944151,0.4660169493972366,-0.8389349961813033,0.40150578804499437,0.9767172568763901,0.9768747113237101,0.00015745444731996017,876,311
3-Dec,2000-01-01,HML,0.36306121477656694,0.004035879033951451,0.04911483394265067,0.004045508162362401,0.04911428016405896,9.62912841094999e-06,-5.53778591712295e-07,-0.23858813234851334,-0.6403018993205476,0.5219763461955753,0.006223459273948267,0.9950344299845026,0.9767172568763901,0.9768747113237101,0.00015745444731996017,876,311
3-Dec,2000-01-01,UMD,-0.07477101255281585,0.004035879033951451,0.04911483394265067,0.004031625200646999,0.049059498155284556,-4.25383330445242e-06,-5.533578736611339e-05,0.10540041633228968,0.7182602408539124,0.4725968402804894,1.712211921756492,0.08685762121356033,0.9767172568763901,0.9768747113237101,0.00015745444731996017,876,311
4-Dec,2000-01-01,Mkt-RF,1.0467025134600287,0.0037789157287963686,0.046773330250040296,0.003749549428789547,0.04675659848902318,-2.9366300006821756e-05,-1.6731761017116376e-05,0.777109152846213,0.46954547556665516,0.6386797875194756,0.05969334387786773,0.9523998730991967,0.9753623557378998,0.9756593698368224,0.0002970140989226877,876,311
4-Dec,2000-01-01,SMB,0.8985313246906399,0.0037789157287963686,0.046773330250040296,0.0037646763843466637,0.04692574421865681,-1.4239344449704962e-05,0.0001524139686165174,0.3768103199866902,0.9403339383965047,0.3470462963363363,-1.233143344389317,0.21752228855310918,0.9753623557378998,0.9756593698368224,0.0002970140989226877,876,311
4-Dec,2000-01-01,HML,0.317543505998962,0.0037789157287963686,0.046773330250040296,0.003787837717013763,0.04680442577231873,8.921988217394476e-06,3.109552227843759e-05,-0.23609915800467557,-0.6883758406405202,0.49121613366211436,-0.4058966219871619,0.6848185601888241,0.9753623557378998,0.9756593698368224,0.0002970140989226877,876,311
4-Dec,2000-01-01,UMD,-0.01509576981007823,0.0037789157287963686,0.046773330250040296,0.0037781193473384296,0.046761207490395716,-7.963814579389772e-07,-1.2122759644579706e-05,0.021074337590286367,0.7030222284313999,0.4820418969368212,1.8595027572852645,0.06295590879169177,0.9753623557378998,0.9756593698368224,0.0002970140989226877,876,311
5-Dec,2000-01-01,Mkt-RF,1.0598699021565023,0.003563611885617011,0.04595403984789079,0.0035405850565788876,0.045848544436911436,-2.3026829038123517e-05,-0.00010549541097935183,0.646165457328881,0.36699850115102706,0.7136201360272492,0.3700755161692532,0.7113262243411502,0.9780689347830602,0.9784827539252,0.0004138191421397819,876,311
5-Dec,2000-01-01,SMB,0.7281735388861392,0.003563611885617011,0.04595403984789079,0.0035556494388288827,0.04607342877925322,-7.962446788128442e-06,0.00011938893136242967,0.22343754156465354,0.6771989138150488,0.498279756827414,-1.1860927094014606,0.2355856893728394,0.9780689347830602,0.9784827539252,0.0004138191421397819,876,311
5-Dec,2000-01-01,HML,0.18033010071370556,0.003563611885617011,0.04595403984789079,0.0035676723728403836,0.0459695411633904,4.060487223372499e-06,1.5501315499613644e-05,-0.1139430261685037,-0.5858590534585444,0.5579702355480747,-0.347852596841399,0.7279508867999647,0.9780689347830602,0.9784827539252,0.0004138191421397819,876,311
5-Dec,2000-01-01,UMD,-0.013362345976276573,0.003563611885617011,0.04595403984789079,0.0035630592924303438,0.045948317289729375,-5.525931866673384e-07,-5.722558161412594e-06,0.015506547974476217,0.5668609657164537,0.5708086461160986,0.9932010653455449,0.32061197928595253,0.9780689347830602,0.9784827539252,0.0004138191421397819,876,311
6-Dec,2000-01-01,Mkt-RF,1.0755036416898824,0.0030075459412581456,0.042743188124917335,0.002978104834915762,0.04260503315231781,-2.9441106342383526e-05,-0.0001381549725995232,0.9789079507815412,0.49700436883569876,0.6191859704950873,0.4783094188482563,0.6324299935192572,0.96386032032221,0.964835809147267,0.000975488825056936,876,311
6-Dec,2000-01-01,SMB,0.5098892844553544,0.0030075459412581456,0.042743188124917335,0.003001880588433509,0.042813972251776716,-5.6653528246364444e-06,7.078412685938146e-05,0.18837128128012767,0.7500180712315585,0.45324382097895866,-1.0008315333207636,0.31690826173281295,0.96386032032221,0.964835809147267,0.000975488825056936,876,311
6-Dec,2000-01-01,HML,0.2280555521733887,0.0030075459412581456,0.042743188124917335,0.0030151835798094945,0.042775686550631624,7.637638551348958e-06,3.249842571428907e-05,-0.25394918982198184,-0.9439788093484045,0.34518047709256017,-0.5765076992227782,0.5642720673089212,0.96386032032221,0.964835809147267,0.000975488825056936,876,311
6-Dec,2000-01-01,UMD,-0.023506170297358995,0.0030075459412581456,0.042743188124917335,0.0030068189933237857,0.0427314918122857,-7.26947934359852e-07,-1.1696312631634398e-05,0.024170800664669086,0.4838047082825499,0.6285244733130222,1.148221896080873,0.2508769723354318,0.96386032032221,0.964835809147267,0.000975488825056936,876,311
7-Dec,2000-01-01,Mkt-RF,1.0642510810180725,0.0029389695920425574,0.041251386380654405,0.0029145041040304453,0.04111407628312425,-2.4465488012112048e-05,-0.00013731009753015222,0.8324512127772222,0.40869235130738596,0.6827654475822105,0.47957354254225865,0.6315306630583197,0.9633071257064745,0.9637897599848616,0.00048263427838712847,876,311
7-Dec,2000-01-01,SMB,0.41599969612546317,0.0029389695920425574,0.041251386380654405,0.0029364817919961005,0.04133361568156999,-2.4878000464568367e-06,8.222930091558722e-05,0.08464871678811206,0.4011884075310303,0.6882814149809746,-1.4270763857641662,0.15355787826456635,0.9633071257064745,0.9637897599848616,0.00048263427838712847,876,311
7-Dec,2000-01-01,HML,0.14283083814858644,0.0029389695920425574,0.041251386380654405,0.0029408458416715854,0.04125499900080775,1.8762496290279998e-06,3.6126201533454028e-06,-0.06384038930202143,-0.3707319600850839,0.7108371832933416,-0.10392001705873445,0.9172328217975398,0.9633071257064745,0.9637897599848616,0.00048263427838712847,876,311
7-Dec,2000-01-01,UMD,0.018707433827961042,0.0029389695920425574,0.041251386380654405,0.0029396884337227766,0.041263577844083243,7.188416802192572e-07,1.2191463428838645e-05,-0.024458969639072337,-0.5811629921750163,0.5611306071526363,-1.5061357774821518,0.13203232183264024,0.9633071257064745,0.9637897599848616,0.00048263427838712847,876,311
8-Dec,2000-01-01,Mkt-RF,1.045714536351424,0.0027113689074653702,0.03978580987828323,0.0026755771988138982,0.039523010756758827,-3.5791708651472e-05,-0.0002627991215244027,1.3200604518597452,0.6421335883336889,0.5207864489362091,0.9375857379055057,0.34845734357597724,0.9607380751706169,0.9613089676133463,0.0005708924427293427,876,311
8-Dec,2000-01-01,SMB,0.2024383725983833,0.0027113689074653702,0.03978580987828323,0.0027100889768670792,0.03982816773680881,-1.2799305982909986e-06,4.235785852558377e-05,0.047206066085912955,0.443220933754494,0.6576059386893973,-1.5066568987004798,0.1318986247882692,0.9607380751706169,0.9613089676133463,0.0005708924427293427,876,311
8-Dec,2000-01-01,HML,0.12442884315792109,0.0027113689074653702,0.03978580987828323,0.002712740177897511,0.03978218520715313,1.3712704321406678e-06,-3.624671130096624e-06,-0.05057483798553081,-0.32883486883359303,0.7422805058760491,0.11786084152063389,0.9061779208674676,0.9607380751706169,0.9613089676133463,0.0005708924427293427,876,311
8-Dec,2000-01-01,UMD,-0.02692483189561394,0.0027113689074653702,0.03978580987828323,0.002710467995110469,0.03977480293795979,-9.009123549011226e-07,-1.1006940323438075e-05,0.033227214209788566,0.5132708680610447,0.6077618590668701,0.9426954876929665,0.34583668206020723,0.9607380751706169,0.9613089676133463,0.0005708924427293427,876,311
9-Dec,2000-01-01,Mkt-RF,1.0373823413227505,0.0022396832184991083,0.03569349204950879,0.0022092864609738454,0.03544034799572933,-3.0396757525262812e-05,-0.0002531440537794638,1.3571900380462183,0.5775438425343287,0.5635721305460184,0.9083143966977226,0.36371213835735694,0.9678901084114458,0.9681020363260334,0.00021192791458757299,876,311
9-Dec,2000-01-01,SMB,0.03893450525009756,0.0022396832184991083,0.03569349204950879,0.0022395723169976334,0.03569923088727412,-1.1090150147481312e-07,5.73883776532752e-06,0.004951660152596588,0.22030945190579782,0.825630159440327,-1.0594009986634518,0.2894171950712585,0.9678901084114458,0.9681020363260334,0.00021192791458757299,876,311
9-Dec,2000-01-01,HML,0.09774186594824531,0.0022396832184991083,0.03569349204950879,0.002240636189369454,0.035695770809794955,9.529708703457339e-07,2.2787602861618073e-06,-0.042549359769921115,-0.3168718137590766,0.7513408701196811,-0.09427016415719895,0.9248945498977286,0.9678901084114458,0.9681020363260334,0.00021192791458757299,876,311
9-Dec,2000-01-01,UMD,-0.03922740377572463,0.0022396832184991083,0.03569349204950879,0.0022391923896619005,0.035687911102541776,-4.908288372077602e-07,-5.5809469670167755e-06,0.021915100901487402,0.21621835403176723,0.8288175474652211,0.32766343170498363,0.7431661555168243,0.9678901084114458,0.9681020363260334,0.00021192791458757299,876,311
Hi 10,2000-01-01,Mkt-RF,0.9784034422275094,0.0019081000122802103,0.03323938539693718,0.0018683974824893815,0.032918722273437055,-3.9702529790828795e-05,-0.0003206631235001256,2.0807363102201144,0.9265150261898819,0.35417839186853595,1.2253235803586517,0.22045332728389044,0.9909381478293161,0.9911561897399682,0.00021804191065211143,876,311
Hi 10,2000-01-01,SMB,-0.20668079561239677,0.0019081000122802103,0.03323938539693718,0.001908941161403447,0.03318790492740763,8.411491232366685e-07,-5.148046952955371e-05,-0.04408307310010871,-0.3346133597894706,0.7379167656769392,1.8010108968163205,0.07170116246186686,0.9909381478293161,0.9911561897399682,0.00021804191065211143,876,311
Hi 10,2000-01-01,HML,-0.034231003260103476,0.0019081000122802103,0.03323938539693718,0.0019073399032997957,0.03323848450729412,-7.601089804145766e-07,-9.008896430587332e-07,0.039835908784793414,0.7696055860043673,0.4415338904546542,0.10641673406210758,0.9152517166048517,0.9909381478293161,0.9911561897399682,0.00021804191065211143,876,311
Hi 10,2000-01-01,UMD,0.0006201544994023853,0.0019081000122802103,0.03323938539693718,0.001908093624443283,0.03323950438193683,-6.387836927381624e-09,1.189849996516279e-07,0.00033477474379071227,0.1940358470472716,0.8461478133913998,-0.441940430184049,0.6585323130743552,0.9909381478293161,0.9911561897399682,0.00021804191065211143,876,311
Lo 30,2010-01-01,Mkt-RF,1.0433435420719448,0.0036782579141215826,0.04679698952879581,0.003725264715585642,0.046749001134123766,4.7006801464059226e-05,-4.7988394672043855e-05,-1.2779637143874694,-0.6605212926536772,0.5089193590114336,0.15380142562492774,0.8777663097267494,0.9791178150542592,0.9796635060753168,0.0005456910210576149,996,191
Lo 30,2010-01-01,SMB,1.191175521941417,0.0036782579141215826,0.04679698952879581,0.003644073580421548,0.04674580902381303,-3.4184333700034656e-05,-5.118050498278265e-05,0.9293620648186204,1.6278666481336177,0.10355316468438547,0.3361863480480956,0.7367303470826547,0.9791178150542592,0.9796635060753168,0.0005456910210576149,996,191
Lo 30,2010-01-01,HML,0.4521991537632732,0.0036782579141215826,0.04679698952879581,0.0036900735437520793,0.04685766731822663,1.1815629630496701e-05,6.067778943082136e-05,-0.32122895964239184,-0.646572865993248,0.5179084239207354,-0.5208298572242561,0.6024853018805543,0.9791178150542592,0.9796635060753168,0.0005456910210576149,996,191
Lo 30,2010-01-01,UMD,-0.053158874708131465,0.0036782579141215826,0.04679698952879581,0.0036724319053269322,0.046769923999439765,-5.826008794650346e-06,-2.7065529356044837e-05,0.15839043728508298,1.8590228139824303,0.06302390470437325,1.5074660433504234,0.1316912413900766,0.9791178150542592,0.9796635060753168,0.0005456910210576149,996,191
Med 40,2010-01-01,Mkt-RF,1.059346609585286,0.0029918595395420815,0.041576508652410686,0.0030401227511567467,0.04153633666928041,4.826321161466524e-05,-4.0171983130277145e-05,-1.6131509844226228,-0.6937781191556038,0.4878213666637703,0.12633362432597656,0.8994678411132448,0.9822462288165072,0.9827671365290651,0.000520907712557861,996,191
Med 40,2010-01-01,SMB,0.5606364301566038,0.0029918595395420815,0.041576508652410686,0.0029866973230717746,0.04161501013006563,-5.162216470306919e-06,3.850147765494666e-05,0.17254207298438284,0.7532366562150796,0.45130771557903815,-0.5361550704999677,0.5918513823157152,0.9822462288165072,0.9827671365290651,0.000520907712557861,996,191
Med 40,2010-01-01,HML,0.19629190385544054,0.0029918595395420815,0.041576508652410686,0.0029951601415421163,0.04159180445275078,3.3006020000348087e-06,1.5295800340091315e-05,-0.11031941695163877,-0.434628156680012,0.6638323539068152,-0.2971765338831233,0.766331736287684,0.9822462288165072,0.9827671365290651,0.000520907712557861,996,191
Med 40,2010-01-01,UMD,0.002921002999121222,0.0029918595395420815,0.041576508652410686,0.0029921378224312687,0.04157805827932427,2.7828288918715915e-07,1.54962691358701e-06,-0.009301335357132163,-1.8459048700450635,0.06490601942873364,-1.5715412842389533,0.11605697275070637,0.9822462288165072,0.9827671365290651,0.000520907712557861,996,191
Hi 30,2010-01-01,Mkt-RF,0.9918697366804949,0.0017737716298094142,0.03266838926386173,0.0017926417646290907,0.032496696857192725,1.8870134819676514e-05,-0.0001716924066690051,-1.0638424080389677,-0.3941707685366482,0.6934549656109199,0.5780533039244043,0.5632281321088317,0.9983084194728555,0.998383767818574,7.534834571842897e-05,996,191
Hi 30,2010-01-01,SMB,-0.13247219432902882,0.0017737716298094142,0.03266838926386173,0.0017721789215507627,0.03263401569624399,-1.59270825865151e-06,-3.437356761774174e-05,0.08979218248194899,1.2366240121794738,0.2162267010896901,2.0520127623534012,0.04016842212756844,0.9983084194728555,0.998383767818574,7.534834571842897e-05,996,191
Hi 30,2010-01-01,HML,-0.006465395552001041,0.0017737716298094142,0.03266838926386173,0.0017737700168450432,0.03266926430490773,-1.612964371008191e-09,8.750410459973379e-07,9.093416220562161e-05,0.008610230970721663,0.9931301145280129,-0.5163958382223114,0.6055779719015766,0.9983084194728555,0.998383767818574,7.534834571842897e-05,996,191
Hi 30,2010-01-01,UMD,-0.0067459491451878,0.0017737716298094142,0.03266838926386173,0.001773332258949375,0.032664465596117485,-4.3937086003915764e-07,-3.923667744244741e-06,0.024770430006616273,1.7694751138372815,0.07681462023340635,1.7252568638648633,0.08448119200992377,0.9983084194728555,0.998383767818574,7.534834571842897e-05,996,191
Lo 20,2010-01-01,Mkt-RF,1.023941222042416,0.003776603979847511,0.04768182836056267,0.003824480953670748,0.04783868430584148,4.7876973823236975e-05,0.00015685594527881097,-1.2677255565771584,-0.6939737200393893,0.48769868989176945,-0.5180019782518899,0.6044568890875219,0.9536241254565694,0.9555486882100497,0.0019245627534802967,996,191
Lo 20,2010-01-01,SMB,1.3699867358865339,0.003776603979847511,0.04768182836056267,0.0037253276739713753,0.04752187465334599,-5.127630587613589e-05,-0.0001599537072166854,1.3577358428300519,1.755357779843535,0.07919812900086831,0.9142504621084652,0.3605852540167289,0.9536241254565694,0.9555486882100497,0.0019245627534802967,996,191
Lo 20,2010-01-01,HML,0.555718183681823,0.003776603979847511,0.04768182836056267,0.003792028990136929,0.04779191944215915,1.5425010289417656e-05,0.00011009108159647923,-0.40843600154338866,-0.6962937137255842,0.48624490917568464,-0.7569773835653674,0.4490634122268329,0.9536241254565694,0.9555486882100497,0.0019245627534802967,996,191
Lo 20,2010-01-01,UMD,-0.06084124865781358,0.003776603979847511,0.04768182836056267,0.003769560848487799,0.04763939207271285,-7.04313135971215e-06,-4.243628784982023e-05,0.18649377581804413,1.9268151171131556,0.05400267484405474,2.0760945676310536,0.03788520550731911,0.9536241254565694,0.9555486882100497,0.0019245627534802967,996,191
Qnt 2,2010-01-01,Mkt-RF,1.0521334608774653,0.0035272702451664135,0.0451043829769339,0.00357410837910054,0.04509224253626393,4.683813393412638e-05,-1.2140440669973496e-05,-1.3278861748206252,-0.6494028146917301,0.516078045162947,0.03904996630078935,0.9688505516214694,0.9845381646115943,0.9847569344940288,0.0002187698824345219,996,191
Qnt 2,2010-01-01,SMB,0.9457796565230528,0.0035272702451664135,0.0451043829769339,0.003508980526792404,0.04513481691704449,-1.8289718374009476e-05,3.043394011058992e-05,0.518523308472685,1.3651857657470472,0.1721946710439317,-0.25190305796444185,0.80111599588027,0.9845381646115943,0.9847569344940288,0.0002187698824345219,996,191
Qnt 2,2010-01-01,HML,0.33879230941967925,0.0035272702451664135,0.0451043829769339,0.0035349950183834887,0.04512179233512048,7.724773217075188e-06,1.740935818658057e-05,-0.2190014566550667,-0.5540534316208341,0.5795422790134934,-0.2002929381650025,0.841251485177809,0.9845381646115943,0.9847569344940288,0.0002187698824345219,996,191
Qnt 2,2010-01-01,UMD,-0.02839372138931657,0.0035272702451664135,0.0451043829769339,0.003524412648727866,0.04508588243429649,-2.857596438547629e-06,-1.8500542637411854e-05,0.08101438902969031,1.8016123243236841,0.07160642088605318,1.936601910238692,0.052794024288390196,0.9845381646115943,0.9847569344940288,0.0002187698824345219,996,191
Qnt 3,2010-01-01,Mkt-RF,1.0661528939857097,0.003076358951206749,0.04255692718518052,0.0031282804094858066,0.04255582292100359,5.192145827905741e-05,-1.1042641769251627e-06,-1.6877568288541367,-0.7457259939389718,0.455832953417183,0.0034572852673548185,0.9972414909582152,0.9778836850559588,0.978581579849298,0.0006978947933392599,996,191
Qnt 3,2010-01-01,SMB,0.5889409732720718,0.003076358951206749,0.04255692718518052,0.0030704455887747414,0.04259936812649904,-5.913362432007768e-06,4.2440941318520886e-05,0.19221952073207063,0.8156359900965598,0.4147083588375593,-0.5626534307136608,0.5736709010846472,0.9778836850559588,0.978581579849298,0.0006978947933392599,996,191
Qnt 3,2010-01-01,HML,0.21385380846526914,0.003076358951206749,0.04255692718518052,0.0030808413506717355,0.04259572238376654,4.48239946498636e-06,3.8795198586023816e-05,-0.14570469623605106,-0.5479041523730027,0.5837577174953585,-0.6925555201665626,0.48858853226497523,0.9778836850559588,0.978581579849298,0.0006978947933392599,996,191
Qnt 3,2010-01-01,UMD,-0.014909875289706581,0.003076358951206749,0.04255692718518052,0.0030749411386281345,0.04254903087331255,-1.417812578614723e-06,-7.896311867969241e-06,0.046087358500820075,1.8090064161555233,0.0704500065678455,1.568813118118292,0.11669149083732178,0.9778836850559588,0.978581579849298,0.0006978947933392599,996,191
Qnt 4,2010-01-01,Mkt-RF,1.0529501239585055,0.00250693140052356,0.0377913612565445,0.002542760938709751,0.03773933812880314,3.5829538186190734e-05,-5.202312774136436e-05,-1.42921893190647,-0.558817395202371,0.5762863494443562,0.16536704686119075,0.8686550893469238,0.9704420610309651,0.9709191314811155,0.0004770704501504408,996,191
Qnt 4,2010-01-01,SMB,0.29572434575338774,0.00250693140052356,0.0377913612565445,0.002506660527543198,0.03785764345975102,-2.7087298036217525e-07,6.628220320651496e-05,0.010804961807315699,0.08122495555991363,0.9352630534169097,-1.7628505646218042,0.07792569661862814,0.9704420610309651,0.9709191314811155,0.0004770704501504408,996,191
Qnt 4,2010-01-01,HML,0.12925744977392561,0.00250693140052356,0.0377913612565445,0.0025086216479670038,0.03779890027686311,1.6902474434437112e-06,7.539020318608758e-06,-0.06742296351191386,-0.36637035655263783,0.7140887363852815,-0.22550914991044343,0.8215832080827179,0.9704420610309651,0.9709191314811155,0.0004770704501504408,996,191
Qnt 4,2010-01-01,UMD,-0.0016240886507944904,0.00250693140052356,0.0377913612565445,0.0025067940124932583,0.0377906500769796,-1.3738803030178062e-07,-7.111795649050734e-07,0.005480326676393611,1.8157109416708965,0.06941472474291199,1.2944873322969963,0.1954971421058651,0.9704420610309651,0.9709191314811155,0.0004770704501504408,996,191
Hi 20,2010-01-01,Mkt-RF,0.9872847343896859,0.0017513312455853293,0.03260043367186022,0.0017694437730728253,0.03241453106930408,1.811252748749599e-05,-0.0001859026025561386,-1.0342148313263506,-0.3857290408815786,0.6996973526754555,0.6293913432970138,0.5290928839250926,0.996625649468676,0.9967354702451556,0.00010982077647958555,996,191
Hi 20,2010-01-01,SMB,-0.16736627383709035,0.0017513312455853293,0.03260043367186022,0.0017492064732636606,0.032550850996096586,-2.1247723216686904e-06,-4.9582675763631956e-05,0.12132326920019917,1.3130725295238634,0.1891585094172532,2.3506677065117483,0.018739760740317912,0.996625649468676,0.9967354702451556,0.00010982077647958555,996,191
Hi 20,2010-01-01,HML,-0.014655470765004841,0.0017513312455853293,0.03260043367186022,0.001751345048894898,0.03260377216603472,1.3803309568700267e-08,3.3384941744984964e-06,-0.0007881609834515874,-0.032741890368669056,0.973880418101958,-0.8702870834269724,0.3841435359050469,0.996625649468676,0.9967354702451556,0.00010982077647958555,996,191
Hi 20,2010-01-01,UMD,-0.006560411790504157,0.0017513312455853293,0.03260043367186022,0.001750909521405613,0.032596496880560696,-4.21724179716209e-07,-3.936791299521958e-06,0.024080206458902097,1.7685374944348482,0.07697108974636846,1.78088713849722,0.07493089014669252,0.996625649468676,0.9967354702451556,0.00010982077647958555,996,191
Lo 10,2010-01-01,Mkt-RF,0.9743777280455955,0.003554220766433974,0.04541003490401395,0.003602388261572195,0.04572402903701377,4.8167495138221224e-05,0.0003139941329998244,-1.3552195629802901,-0.7619544344155867,0.4460871998013487,-1.0831295807131989,0.27875091079269976,0.8916834366639307,0.8961762569773946,0.0044928203134638744,996,191
Lo 10,2010-01-01,SMB,1.5859724271720217,0.003554220766433974,0.04541003490401395,0.0034839731196874314,0.04517989821235953,-7.024764674654245e-05,-0.00023013669165442008,1.9764570453799757,2.247272619300098,0.02462260963261831,1.145402481947102,0.2520424706841542,0.8916834366639307,0.8961762569773946,0.0044928203134638744,996,191
Lo 10,2010-01-01,HML,0.746510287445086,0.003554220766433974,0.04541003490401395,0.003579719243345983,0.04557493114194166,2.5498476912009117e-05,0.00016489623792770997,-0.7174139871337336,-0.8935089098163722,0.37158470288674894,-0.8655255013952275,0.3867504253334213,0.8916834366639307,0.8961762569773946,0.0044928203134638744,996,191
Lo 10,2010-01-01,UMD,-0.11905870301340257,0.003554220766433974,0.04541003490401395,0.0035387617485241247,0.04532394641187164,-1.545901790984917e-05,-8.608849214231107e-05,0.4349481623607623,2.101284320278221,0.0356160153262961,2.1540811923967085,0.031233805194956332,0.8916834366639307,0.8961762569773946,0.0044928203134638744,996,191
2-Dec,2010-01-01,Mkt-RF,1.0599551127878317,0.004107485109241557,0.050121378182888636,0.004157197691326079,0.05017013642419855,4.971258208452244e-05,4.8758241309912465e-05,-1.210292448113143,-0.6728847893810017,0.5010205897658382,-0.1539028332634403,0.8776863501011809,0.9606198883913937,0.9617397666408507,0.0011198782494570292,996,191
2-Dec,2010-01-01,SMB,1.2597848844667334,0.004107485109241557,0.050121378182888636,0.004065017093444251,0.050039948441953794,-4.246801579730567e-05,-8.142974093484218e-05,1.0339177055506683,1.5075874560588787,0.1316601451860957,0.5070896720315251,0.6120919013226609,0.9606198883913937,0.9617397666408507,0.0011198782494570292,996,191
2-Dec,2010-01-01,HML,0.47166847737781614,0.004107485109241557,0.050121378182888636,0.004118730835063467,0.05016668899327923,1.1245725821910392e-05,4.53108103905947e-05,-0.2737861616736793,-0.5704304497671038,0.5683857819515941,-0.37001555162259264,0.7113709029705246,0.9606198883913937,0.9617397666408507,0.0011198782494570292,996,191
2-Dec,2010-01-01,UMD,-0.041763409114528915,0.004107485109241557,0.050121378182888636,0.004102999398627094,0.05009814049826943,-4.485710614462492e-06,-2.3237684619203947e-05,0.10920820149463119,1.7814327414104458,0.0748417834265187,1.6493452287004988,0.09907692870077955,0.9606198883913937,0.9617397666408507,0.0011198782494570292,996,191
3-Dec,2010-01-01,Mkt-RF,1.0690325825091112,0.0037094627453633793,0.04683005424840724,0.003756540083952537,0.046729930607887694,4.707733858915755e-05,-0.0001001236405195477,-1.269114743044706,-0.6320569006679269,0.5273496966748765,0.31272215393033903,0.754491762765616,0.9767172568763901,0.9768747113237101,0.00015745444731996017,996,191
3-Dec,2010-01-01,SMB,1.0103350176415118,0.0037094627453633793,0.04683005424840724,0.0036885194667783776,0.04684025774261522,-2.0943278585001685e-05,1.020349420798039e-05,0.5645906165570637,1.3587029846050684,0.174240725965761,-0.07898724292939227,0.9370427700265085,0.9767172568763901,0.9768747113237101,0.00015745444731996017,996,191
3-Dec,2010-01-01,HML,0.37036207584472264,0.0037094627453633793,0.04683005424840724,0.0037188957614065774,0.046840330497972336,9.433016043198118e-06,1.027624956509432e-05,-0.2542960177990427,-0.612114470612782,0.5404620241271954,-0.10761862703965844,0.9142982205666443,0.9767172568763901,0.9768747113237101,0.00015745444731996017,996,191
3-Dec,2010-01-01,UMD,-0.0580140919551729,0.0037094627453633793,0.04683005424840724,0.0037034811876683043,0.04679522147937703,-5.981557695074972e-06,-3.483276903021304e-05,0.16125132143601076,1.7584146391757987,0.07867698406595602,1.781901486858849,0.0747652980411515,0.9767172568763901,0.9768747113237101,0.00015745444731996017,996,191
4-Dec,2010-01-01,Mkt-RF,1.0422787998063114,0.0034657771661424394,0.044226647953068805,0.003512068407104968,0.04434129208273716,4.629124096252853e-05,0.00011464412966835646,-1.3356669729015698,-0.6525634596910826,0.5140377489381529,-0.37088365296695824,0.7107241912509739,0.9753623557378998,0.9756593698368224,0.0002970140989226877,996,191
4-Dec,2010-01-01,SMB,0.9026939108200818,0.0034657771661424394,0.044226647953068805,0.003449114092634864,0.04426842541902517,-1.6663073507575555e-05,4.177746595636356e-05,0.48078894599338245,1.354899012208222,0.17544973442443323,-0.3644178836958459,0.7155459830061159,0.9753623557378998,0.9756593698368224,0.0002970140989226877,996,191
4-Dec,2010-01-01,HML,0.32139731692175694,0.0034657771661424394,0.044226647953068805,0.0034726324343068438,0.044245289557399786,6.855268164404366e-06,1.8641604330980888e-05,-0.1977988726850139,-0.5189645615886487,0.6037854543550703,-0.23181870590145742,0.8166788275721188,0.9753623557378998,0.9756593698368224,0.0002970140989226877,996,191
4-Dec,2010-01-01,UMD,-0.00922778872277031,0.0034657771661424394,0.044226647953068805,0.0034648663152824183,0.0442203582296878,-9.108508600211285e-07,-6.289723381007473e-06,0.026281287467622882,1.8191698898069233,0.068885515034248,2.0277709231405203,0.0425836332785694,0.9753623557378998,0.9756593698368224,0.0002970140989226877,996,191
5-Dec,2010-01-01,Mkt-RF,1.0567639553314312,0.0033543720336248915,0.04400251845076643,0.003411822504147183,0.044051197040693456,5.745047052229139e-05,4.867858992702728e-05,-1.7127041945972736,-0.8118038912523564,0.4169041688923165,-0.15384005547944568,0.8777358500526591,0.9780689347830602,0.9784827539252,0.0004138191421397819,996,191
5-Dec,2010-01-01,SMB,0.7164878080335192,0.0033543720336248915,0.04400251845076643,0.003347295374002007,0.04407408763114006,-7.076659622884483e-06,7.156918037363319e-05,0.21096823941848553,0.7733820570555784,0.4392963057266508,-0.8469204078745788,0.3970394865437923,0.9780689347830602,0.9784827539252,0.0004138191421397819,996,191
5-Dec,2010-01-01,HML,0.19124562265261186,0.0033543720336248915,0.04400251845076643,0.003356694761753396,0.044029399410955516,2.322728128504453e-06,2.688096018908792e-05,-0.06924479769151917,-0.3106238251955148,0.7560866126936885,-0.5386834210185487,0.5901053152700726,0.9780689347830602,0.9784827539252,0.0004138191421397819,996,191
5-Dec,2010-01-01,UMD,-0.014620271231180315,0.0033543720336248915,0.04400251845076643,0.0033528500680205914,0.043993845065512203,-1.521965604300065e-06,-8.673385254225063e-06,0.04537259400697297,1.8464222231108438,0.06483092290209957,1.7602556449642555,0.07836447102554911,0.9780689347830602,0.9784827539252,0.0004138191421397819,996,191
6-Dec,2010-01-01,Mkt-RF,1.0720959924247768,0.0029247910918680504,0.04174651275258101,0.002972504746078775,0.0418447340545944,4.7713654210724665e-05,9.822130201338902e-05,-1.6313525551751518,-0.6932087525918466,0.48817855618716743,-0.30680968567339445,0.7589882355018795,0.96386032032221,0.964835809147267,0.000975488825056936,996,191
6-Dec,2010-01-01,SMB,0.4970423342143776,0.0029247910918680504,0.04174651275258101,0.002919804842852156,0.04176478246854078,-4.986249015894503e-06,1.8269715959771948e-05,0.17048222793614326,0.8263903203403086,0.4085827125758532,-0.286811938995382,0.7742563208433191,0.96386032032221,0.964835809147267,0.000975488825056936,996,191
6-Dec,2010-01-01,HML,0.23042584523811827,0.0029247910918680504,0.04174651275258101,0.0029311863519449555,0.04178061633815438,6.395260076905076e-06,3.410358557336818e-05,-0.2186569869788701,-0.734450699542291,0.46267409671677373,-0.5647786453445932,0.5722243336937727,0.96386032032221,0.964835809147267,0.000975488825056936,996,191
6-Dec,2010-01-01,UMD,-0.015841313912493632,0.0029247910918680504,0.04174651275258101,0.002923392220316388,0.04173744101196423,-1.3988715516625484e-06,-9.071740616782564e-06,0.047828084390434046,1.766194267837153,0.07736326240587732,1.6982891501125374,0.08945320150065217,0.96386032032221,0.964835809147267,0.000975488825056936,996,191
7-Dec,2010-01-01,Mkt-RF,1.061284927634214,0.002829682068810947,0.039949818646313,0.0028746115963168813,0.03997618231593545,4.492952750593431e-05,2.6363669622449237e-05,-1.5877941907733129,-0.6453527242763296,0.518698632501778,-0.08310280607088594,0.9337697946445955,0.9633071257064745,0.9637897599848616,0.00048263427838712847,996,191
7-Dec,2010-01-01,SMB,0.40764097101279195,0.002829682068810947,0.039949818646313,0.002827671825385163,0.03999589758821617,-2.0102434257840765e-06,4.607894190317152e-05,0.07104131760741571,0.4129623980820328,0.6796341633088017,-0.8855060301242225,0.37588376875464835,0.9633071257064745,0.9637897599848616,0.00048263427838712847,996,191
7-Dec,2010-01-01,HML,0.15314883074459018,0.002829682068810947,0.039949818646313,0.0028312872974732553,0.03995189553660954,1.6052286623082813e-06,2.0768902965415115e-06,-0.056728233888933326,-0.2704920525321686,0.7867817302909099,-0.0536988513925294,0.9571750979392677,0.9633071257064745,0.9637897599848616,0.00048263427838712847,996,191
7-Dec,2010-01-01,UMD,0.022314265841404474,0.002829682068810947,0.039949818646313,0.0028317859518352624,0.039962257544868124,2.1038830243153873e-06,1.2438898555122702e-05,-0.0743505091085888,-1.8756017813957662,0.06070998162265062,-1.6524394389939183,0.09844500125684363,0.9633071257064745,0.9637897599848616,0.00048263427838712847,996,191
8-Dec,2010-01-01,Mkt-RF,1.047454511838676,0.0023735089713651275,0.03703934218549591,0.0024038510691155876,0.03694289767192481,3.0342097750460113e-05,-9.64445135711034e-05,-1.2783645697790982,-0.49615742404058955,0.6197833471618535,0.3082071010948016,0.7579247494178072,0.9607380751706169,0.9613089676133463,0.0005708924427293427,996,191
8-Dec,2010-01-01,SMB,0.23187086750747923,0.0023735089713651275,0.03703934218549591,0.0023739052400074956,0.03709330519700449,3.962686423680632e-07,5.3963011508575964e-05,-0.016695476914087612,-0.15416114607952677,0.8774826768431132,-1.8316177629950112,0.06700838849161528,0.9607380751706169,0.9613089676133463,0.0005708924427293427,996,191
8-Dec,2010-01-01,HML,0.11714794245560034,0.0023735089713651275,0.03703934218549591,0.002375236197541546,0.037038067597071546,1.7272261764182846e-06,-1.2745884243672845e-06,-0.07277099843548801,-0.4325781290949973,0.6653212811826605,0.04148399148738162,0.9669100548104612,0.9607380751706169,0.9613089676133463,0.0005708924427293427,996,191
8-Dec,2010-01-01,UMD,-0.01621159271830193,0.0023735089713651275,0.03703934218549591,0.002372231248278392,0.037033106475075725,-1.2777230867355022e-06,-6.235710420188223e-06,0.05383266303816065,1.7636968306807221,0.07778303501117767,1.1359238376774377,0.25598844085802686,0.9607380751706169,0.9613089676133463,0.0005708924427293427,996,191
9-Dec,2010-01-01,Mkt-RF,1.0316571145733247,0.0020366020836426616,0.03411998622763305,0.002072762025627846,0.034031675242406266,3.615994198518432e-05,-8.831098522678327e-05,-1.7755035348146522,-0.6407450753417099,0.5216883231478633,0.2858114606032963,0.7750225298376059,0.9678901084114458,0.9681020363260334,0.00021192791458757299,996,191
9-Dec,2010-01-01,SMB,0.06202045150276045,0.0020366020836426616,0.03411998622763305,0.002036890139422963,0.034134761342809454,2.8805578030158263e-07,1.477511517640473e-05,-0.014143940174428516,-0.45392956514032407,0.6498795231963552,-1.8757080760184415,0.06069537634946642,0.9678901084114458,0.9681020363260334,0.00021192791458757299,996,191
9-Dec,2010-01-01,HML,0.11039285251393252,0.0020366020836426616,0.03411998622763305,0.002037144360335754,0.0341260178021954,5.422766930925603e-07,6.0315745623526484e-06,-0.026626541210379474,-0.15005362700950262,0.8807223059360503,-0.21087388549145983,0.8329856822719921,0.9678901084114458,0.9681020363260334,0.00021192791458757299,996,191
9-Dec,2010-01-01,UMD,-0.019223913398998798,0.0020366020836426616,0.03411998622763305,0.002035215287749421,0.03411482110588472,-1.3867958932405576e-06,-5.1651217483281164e-06,0.06809361064583307,1.7554764356579673,0.07917784786829296,0.792258317019523,0.4282100710195844,0.9678901084114458,0.9681020363260334,0.00021192791458757299,996,191
Hi 10,2010-01-01,Mkt-RF,0.9783407965931645,0.001743755505404363,0.032804264177127354,0.001759097174886497,0.03259895636626193,1.5341669482134106e-05,-0.0002053078108654252,-0.8798062248168499,-0.33753252284749763,0.7357154994055566,0.7005885135659345,0.4835598488093702,0.9909381478293161,0.9911561897399682,0.00021804191065211143,996,191
Hi 10,2010-01-01,SMB,-0.21599307664880646,0.001743755505404363,0.032804264177127354,0.0017407444974211683,0.03274070125668917,-3.011007983194647e-06,-6.356292043818712e-05,0.17267374777385538,1.4416465042077107,0.1494021222188453,2.3336534172840246,0.019613877112876654,0.9909381478293161,0.9911561897399682,0.00021804191065211143,996,191
Hi 10,2010-01-01,HML,-0.03715841949904003,0.001743755505404363,0.032804264177127354,0.0017438350922223617,0.03281411285917604,7.958681799875855e-08,9.848682048688162e-06,-0.004564104185024666,-0.07539709144238473,0.9398987733173054,-1.0194377732416,0.3079951810597259,0.9909381478293161,0.9911561897399682,0.00021804191065211143,996,191
Hi 10,2010-01-01,UMD,-0.0045283329214064125,0.001743755505404363,0.032804264177127354,0.0017434680381043454,0.03280216731080996,-2.874673000175486e-07,-2.0968663173928648e-06,0.016485527880864652,1.7720141471002235,0.07639220887160159,1.3695830459483438,0.17081709494447983,0.9909381478293161,0.9911561897399682,0.00021804191065211143,996,191
