date,p_stress
1926-07-01,0.062471239005821765
1926-08-01,0.028761133141138012
1926-09-01,0.01851675013338875
1926-10-01,0.013578711946900156
1926-11-01,0.01213825619629751
1926-12-01,0.011723619597486025
1927-01-01,0.011620150352080347
1927-02-01,0.011611441867822054
1927-03-01,0.01409531200268669
1927-04-01,0.012568630179548948
1927-05-01,0.014773076182572488
1927-06-01,0.012912686309184157
1927-07-01,0.02486427389293585
1927-08-01,0.015890586555267094
1927-09-01,0.031326059012626355
1927-10-01,0.024880794402602983
1927-11-01,0.029569723224763835
1927-12-01,0.018559747057573767
1928-01-01,0.05605573882948973
1928-02-01,0.03251006997095038
1928-03-01,0.017773129720111046
1928-04-01,0.05310045086228692
1928-05-01,0.043854327467479935
1928-06-01,0.05533749232495219
1928-07-01,0.027392109921636418
1928-08-01,0.021168391052998857
1928-09-01,0.023520081215067306
1928-10-01,0.023217273511903766
1928-11-01,0.01844609866430321
1928-12-01,0.01418842875922015
1929-01-01,0.02661576028966874
1929-02-01,0.01599652611592209
1929-03-01,0.0689943421497675
1929-04-01,0.03082529620498098
1929-05-01,0.13060006262215026
1929-06-01,0.06447563192512647
1929-07-01,0.07524422844246777
1929-08-01,0.9742651069849415
1929-09-01,0.6139358685691468
1929-10-01,0.6807944120783034
1929-11-01,0.3187448194315059
1929-12-01,0.3067004214319741
1930-01-01,0.26156959302807037
1930-02-01,0.09636089778264059
1930-03-01,0.09266151975334888
1930-04-01,0.03626385904100777
1930-05-01,0.025020218591914268
1930-06-01,0.037536444526106626
1930-07-01,0.019222154101030557
1930-08-01,0.018685652214194687
1930-09-01,0.020019769789036274
1930-10-01,0.014020926330321523
1930-11-01,0.020598405286861868
1930-12-01,0.06462414014590462
1931-01-01,0.07198018980656867
1931-02-01,0.07685350572237916
1931-03-01,0.06012921427131654
1931-04-01,0.08702517131232984
1931-05-01,0.24786743520993446
1931-06-01,0.3772316934540259
1931-07-01,0.17031725190592334
1931-08-01,0.08060358078772517
1931-09-01,0.03421555256587787
1931-10-01,0.018234235796619896
1931-11-01,0.06335064991158969
1931-12-01,0.028071593350914227
1932-01-01,0.07660782349116134
1932-02-01,0.04689937613831648
1932-03-01,0.032564050348463054
1932-04-01,0.019374192280701502
1932-05-01,0.05735870232112934
1932-06-01,0.02577826667353144
1932-07-01,0.05615847324595852
1932-08-01,0.999975155205663
1932-09-01,0.673700826208109
1932-10-01,0.4093900071999674
1932-11-01,0.2019582325105052
1932-12-01,0.9285344586182456
1933-01-01,0.536479277778921
1933-02-01,0.3130614906380405
1933-03-01,0.2789807810266933
1933-04-01,0.19779080466781002
1933-05-01,0.9999999999999991
1933-06-01,0.9983235442469633
1933-07-01,0.6161676132973115
1933-08-01,0.7156271607957045
1933-09-01,0.33765765091228594
1933-10-01,0.1257790032757798
1933-11-01,0.48997455756638314
1933-12-01,0.19998238009233055
1934-01-01,0.9999863557415763
1934-02-01,0.9245376132830039
1934-03-01,0.6437472240372679
1934-04-01,0.43133239638300575
1934-05-01,0.16793364091670962
1934-06-01,0.08180746592639561
1934-07-01,0.5861063103409987
1934-08-01,0.8033069768580329
1934-09-01,0.4368436023830674
1934-10-01,0.19224360168543983
1934-11-01,0.715074025726775
1934-12-01,0.5546880719499218
1935-01-01,0.24914580668997338
1935-02-01,0.09180075348008754
1935-03-01,0.07830897088309313
1935-04-01,0.036800086378897555
1935-05-01,0.03799004428041847
1935-06-01,0.0295334529322076
1935-07-01,0.024045541252577268
1935-08-01,0.22377787387677484
1935-09-01,0.09920234005038928
1935-10-01,0.0685045569775101
1935-11-01,0.14846439813130022
1935-12-01,0.05463844723722393
1936-01-01,0.24244374482116174
1936-02-01,0.09414543578645176
1936-03-01,0.03862914876299861
1936-04-01,0.214869585622215
1936-05-01,0.08389386814170209
1936-06-01,0.06644833200080161
1936-07-01,0.031298483574880076
1936-08-01,0.018133419028943554
1936-09-01,0.030245834767608455
1936-10-01,0.024487229634967047
1936-11-01,0.8671514232338786
1936-12-01,0.747852671127185
1937-01-01,0.7465374221297949
1937-02-01,0.36882210896111056
1937-03-01,0.1505229554219431
1937-04-01,0.134212612618858
1937-05-01,0.050678653585883575
1937-06-01,0.0655495734305645
1937-07-01,0.030011455605886066
1937-08-01,0.017442658211049438
1937-09-01,0.33108970058321396
1937-10-01,0.1260410521483422
1937-11-01,0.10727457016947078
1937-12-01,0.8151922962617606
1938-01-01,0.8278618958684489
1938-02-01,0.4301334687648368
1938-03-01,0.42941999332366004
1938-04-01,0.8456039492041603
1938-05-01,0.5425950766058045
1938-06-01,0.5589393419023784
1938-07-01,0.9185538747121278
1938-08-01,0.612873436024392
1938-09-01,0.3717257970083113
1938-10-01,0.7167507732008371
1938-11-01,0.43961397605118224
1938-12-01,0.20368110146724713
1939-01-01,0.08430684537605647
1939-02-01,0.035023023933711414
1939-03-01,0.08713639206808624
1939-04-01,0.04404786479204978
1939-05-01,0.040632454244917765
1939-06-01,0.021497598000045533
1939-07-01,0.05870307090244936
1939-08-01,0.1066162145064054
1939-09-01,0.9999999999998971
1939-10-01,0.6033568256754432
1939-11-01,0.7009383806198891
1939-12-01,0.3438888519098546
1940-01-01,0.1296436916586908
1940-02-01,0.08066606805002226
1940-03-01,0.03743388925145931
1940-04-01,0.06840635530295963
1940-05-01,0.42325901255716664
1940-06-01,0.21937523921756152
1940-07-01,0.08698732876571515
1940-08-01,0.034371860485583675
1940-09-01,0.0423929084614598
1940-10-01,0.021029046787194423
1940-11-01,0.020218695790431646
1940-12-01,0.01885231499431906
1941-01-01,0.015084136871435477
1941-02-01,0.014605538554345304
1941-03-01,0.012492972485738576
1941-04-01,0.014069040570061732
1941-05-01,0.012499717029437162
1941-06-01,0.013920204696087454
1941-07-01,0.1525689557835937
1941-08-01,0.05608940172695985
1941-09-01,0.026095779724507183
1941-10-01,0.02084857588362162
1941-11-01,0.015215992641374274
1941-12-01,0.0219365920359306
1942-01-01,0.5599052211867234
1942-02-01,0.28787364032218793
1942-03-01,0.13907575761388632
1942-04-01,0.05155317044060069
1942-05-01,0.04666004998277276
1942-06-01,0.024128665684066228
1942-07-01,0.015226502116069175
1942-08-01,0.012629643276619466
1942-09-01,0.012430709692656375
1942-10-01,0.015289027641283717
1942-11-01,0.014264809210424577
1942-12-01,0.01904719538501022
1943-01-01,0.8653118054839288
1943-02-01,0.8524549130158775
1943-03-01,0.873832371525523
1943-04-01,0.5629585046146999
1943-05-01,0.6148349202338749
1943-06-01,0.27752076378618434
1943-07-01,0.13872546478879028
1943-08-01,0.052015574532031955
1943-09-01,0.027624225415741305
1943-10-01,0.01697707069770055
1943-11-01,0.015278842601674749
1943-12-01,0.028125745340167894
1944-01-01,0.02918521761633042
1944-02-01,0.016727041396419257
1944-03-01,0.0167197457312925
1944-04-01,0.014441382688026451
1944-05-01,0.016000163790774066
1944-06-01,0.05016981114261897
1944-07-01,0.02395881415959972
1944-08-01,0.024568276370108773
1944-09-01,0.015834207148340787
1944-10-01,0.012794101309668161
1944-11-01,0.012142127080422496
1944-12-01,0.018048430862210307
1945-01-01,0.022467050961291455
1945-02-01,0.018713117015758576
1945-03-01,0.016187530255191172
1945-04-01,0.013299973279351673
1945-05-01,0.014960689293791681
1945-06-01,0.02847521950327557
1945-07-01,0.018738112044664284
1945-08-01,0.017236524917952942
1945-09-01,0.017341560205283477
1945-10-01,0.0213695146658762
1945-11-01,0.05855712004211094
1945-12-01,0.0381212117030678
1946-01-01,0.06869285810173126
1946-02-01,0.029259758613185388
1946-03-01,0.017007504724466032
1946-04-01,0.02129384374760456
1946-05-01,0.01762874984089791
1946-06-01,0.015434311124966724
1946-07-01,0.016010742242324422
1946-08-01,0.015769659352001156
1946-09-01,0.05015884773330576
1946-10-01,0.02318374951666841
1946-11-01,0.015000237306931157
1946-12-01,0.012573965933323432
1947-01-01,0.018045565227693745
1947-02-01,0.014209678243961785
1947-03-01,0.014434177998988943
1947-04-01,0.03700847126344083
1947-05-01,0.03934750703154964
1947-06-01,0.019789938251075927
1947-07-01,0.01704783605345385
1947-08-01,0.013386857538491413
1947-09-01,0.015350419754155641
1947-10-01,0.013100180729636552
1947-11-01,0.014345117134335316
1947-12-01,0.018547828533647025
1948-01-01,0.02334959841420305
1948-02-01,0.0179636116001236
1948-03-01,0.013494452802186658
1948-04-01,0.014317211861938385
1948-05-01,0.013380521267545862
1948-06-01,0.014757268086698132
1948-07-01,0.012527458039244203
1948-08-01,0.012714988495180816
1948-09-01,0.013060493617930491
1948-10-01,0.013693101474235674
1948-11-01,0.012361757926680702
1948-12-01,0.02041978630666715
1949-01-01,0.018402985141435485
1949-02-01,0.01692415643102268
1949-03-01,0.022183434978088452
1949-04-01,0.015317131052609448
1949-05-01,0.013022734682864013
1949-06-01,0.012434161820421587
1949-07-01,0.012259330396735829
1949-08-01,0.011830892017941502
1949-09-01,0.012987741644744285
1949-10-01,0.013314678703758555
1949-11-01,0.012636207534606536
1949-12-01,0.017335265094539955
1950-01-01,0.033223590286656765
1950-02-01,0.017960056422287658
1950-03-01,0.015173661905006297
1950-04-01,0.017926958559669526
1950-05-01,0.01801083730118598
1950-06-01,0.019731412592240455
1950-07-01,0.01445635774718238
1950-08-01,0.013171985978935936
1950-09-01,0.012537528466805593
1950-10-01,0.012063918446356816
1950-11-01,0.012184484203276889
1950-12-01,0.014558935060334701
1951-01-01,0.015999821338724567
1951-02-01,0.012928319462933147
1951-03-01,0.012179845525469944
1951-04-01,0.013400806427487179
1951-05-01,0.012089801201373228
1951-06-01,0.014984733330619815
1951-07-01,0.016470569391974308
1951-08-01,0.014243817547696012
1951-09-01,0.01678469847948358
1951-10-01,0.013077174004991877
1951-11-01,0.0120178375251843
1951-12-01,0.01624441877422586
1952-01-01,0.013155462374445955
1952-02-01,0.012974089652693772
1952-03-01,0.021784247090928358
1952-04-01,0.015004513019394951
1952-05-01,0.013249946211410337
1952-06-01,0.014201308430523517
1952-07-01,0.012378227148133372
1952-08-01,0.013418975985353979
1952-09-01,0.013604177189570129
1952-10-01,0.012869620863456464
1952-11-01,0.012221831860407605
1952-12-01,0.01349683706722539
1953-01-01,0.033909737821705734
1953-02-01,0.027715553095863273
1953-03-01,0.016288462148255724
1953-04-01,0.01309796957433594
1953-05-01,0.012006569678732835
1953-06-01,0.014675578877375504
1953-07-01,0.013217957975169479
1953-08-01,0.012287194903643705
1953-09-01,0.012199014791937197
1953-10-01,0.013101748580910132
1953-11-01,0.013252082887064368
1953-12-01,0.012490191447145357
1954-01-01,0.012212831536943176
1954-02-01,0.011739205565387292
1954-03-01,0.011705814459169347
1954-04-01,0.026587514858588034
1954-05-01,0.01631607025117626
1954-06-01,0.013220420559639474
1954-07-01,0.013438717160569838
1954-08-01,0.022237701323268695
1954-09-01,0.022703401981203707
1954-10-01,0.015480859671927439
1954-11-01,0.02032704058262501
1954-12-01,0.02131991080163834
1955-01-01,0.014572895389017834
1955-02-01,0.015499138811455513
1955-03-01,0.012933826472096153
1955-04-01,0.01449225620276261
1955-05-01,0.012410845387206514
1955-06-01,0.05211087710956057
1955-07-01,0.025602196966567146
1955-08-01,0.015770757485021897
1955-09-01,0.012979167823759099
1955-10-01,0.014587069372182933
1955-11-01,0.017065178377053486
1955-12-01,0.018587527239552232
1956-01-01,0.014051014933791132
1956-02-01,0.012907785478975827
1956-03-01,0.016050937604862744
1956-04-01,0.012872929601688466
1956-05-01,0.01469464880193587
1956-06-01,0.01438261985673399
1956-07-01,0.014790790392807934
1956-08-01,0.01715832575796604
1956-09-01,0.01665453474697938
1956-10-01,0.013035004441236443
1956-11-01,0.011980600599916397
1956-12-01,0.011687620319410704
1957-01-01,0.029782015881307584
1957-02-01,0.01735347326240766
1957-03-01,0.013477822837730769
1957-04-01,0.01409286158341811
1957-05-01,0.013109646655682589
1957-06-01,0.012518602453161474
1957-07-01,0.012206573005896604
1957-08-01,0.011778662687495016
1957-09-01,0.011653781095014039
1957-10-01,0.017318329732207382
1957-11-01,0.013542193262069312
1957-12-01,0.012661124293753653
1958-01-01,0.052156383923069094
1958-02-01,0.025105996557064133
1958-03-01,0.01637920676512524
1958-04-01,0.013236841403712143
1958-05-01,0.018080461550709106
1958-06-01,0.013450992058668575
1958-07-01,0.012465217193584777
1958-08-01,0.013447742521030075
1958-09-01,0.012149555651275349
1958-10-01,0.013091111007368254
1958-11-01,0.017351880798044287
1958-12-01,0.017226888286392343
1959-01-01,0.028263350213735855
1959-02-01,0.020135261477671383
1959-03-01,0.017087391676047125
1959-04-01,0.013437483443088833
1959-05-01,0.016113300094888997
1959-06-01,0.013560797048057155
1959-07-01,0.012165801397903117
1959-08-01,0.012077373817236028
1959-09-01,0.011699330239272061
1959-10-01,0.014347674557154839
1959-11-01,0.014394275301647327
1959-12-01,0.012587035269720251
1960-01-01,0.01755249467029011
1960-02-01,0.01388627407514504
1960-03-01,0.01237098104686702
1960-04-01,0.011912224582182208
1960-05-01,0.01365886203101439
1960-06-01,0.012173839141577814
1960-07-01,0.011846087348964123
1960-08-01,0.012283087452738796
1960-09-01,0.012620038244914016
1960-10-01,0.037999029461082745
1960-11-01,0.01976578447550009
1960-12-01,0.016261736575942348
1961-01-01,0.013492457203832195
1961-02-01,0.04144592384475243
1961-03-01,0.04763457944309798
1961-04-01,0.02232164439053444
1961-05-01,0.020685152471544187
1961-06-01,0.021460491135185077
1961-07-01,0.01837728105494299
1961-08-01,0.016258284697084898
1961-09-01,0.013764023230413147
1961-10-01,0.014313783673964438
1961-11-01,0.014382793118401717
1961-12-01,0.01285926017631344
1962-01-01,0.01567067954449896
1962-02-01,0.013739662294483711
1962-03-01,0.01281601278759988
1962-04-01,0.012358562009789012
1962-05-01,0.02311396751678544
1962-06-01,0.015032661936164933
1962-07-01,0.01554586825610555
1962-08-01,0.014675594851681475
1962-09-01,0.018246272443658184
1962-10-01,0.0397958410303311
1962-11-01,0.03373676500532046
1962-12-01,0.04763863124438293
1963-01-01,0.04689856973599368
1963-02-01,0.022651849460675375
1963-03-01,0.023057149041693602
1963-04-01,0.016353650214256544
1963-05-01,0.014538452263379504
1963-06-01,0.012441379535625552
1963-07-01,0.011960024115709173
1963-08-01,0.012238037848235458
1963-09-01,0.011753906738100811
1963-10-01,0.011757481821178256
1963-11-01,0.012530890987736017
1963-12-01,0.015148485016751503
1964-01-01,0.012600675128617737
1964-02-01,0.011920480005232032
1964-03-01,0.012790063176524355
1964-04-01,0.013269299151616072
1964-05-01,0.012482307724488988
1964-06-01,0.011822001123354204
1964-07-01,0.011731490776450342
1964-08-01,0.011623101322783928
1964-09-01,0.01176654984792393
1964-10-01,0.011971873600405938
1964-11-01,0.01221574110896856
1964-12-01,0.01174582798744956
1965-01-01,0.02037896105654976
1965-02-01,0.034868388015878854
1965-03-01,0.024486841418572623
1965-04-01,0.017412069967491034
1965-05-01,0.013286450534192898
1965-06-01,0.03815804571632718
1965-07-01,0.020959664256005046
1965-08-01,0.028257452063385636
1965-09-01,0.017232682123322143
1965-10-01,0.022694651736898552
1965-11-01,0.08395222537368181
1965-12-01,0.048190787443560486
1966-01-01,0.08067851365218044
1966-02-01,0.14546617043994486
1966-03-01,0.057552427803144096
1966-04-01,0.06550523635633596
1966-05-01,0.1152220059938549
1966-06-01,0.048043139301644354
1966-07-01,0.022422614097461324
1966-08-01,0.030422005428322726
1966-09-01,0.01805486078851546
1966-10-01,0.2499511818568878
1966-11-01,0.2828135389134344
1966-12-01,0.13878797512186794
1967-01-01,0.9111283886082773
1967-02-01,0.7197413531738251
1967-03-01,0.38447357544839217
1967-04-01,0.14985824478563337
1967-05-01,0.07936360435487941
1967-06-01,0.3468583176322723
1967-07-01,0.2587272744849057
1967-08-01,0.09628019342798398
1967-09-01,0.07842396393098314
1967-10-01,0.03856440427363445
1967-11-01,0.0196776651207802
1967-12-01,0.15553064047765786
1968-01-01,0.18445163310497367
1968-02-01,0.1150005778092254
1968-03-01,0.04770153798359755
1968-04-01,0.2353611359420651
1968-05-01,0.6953303954312404
1968-06-01,0.3201339493593673
1968-07-01,0.1289411018211975
1968-08-01,0.07735498630222976
1968-09-01,0.05814849616523361
1968-10-01,0.02565460227897385
1968-11-01,0.025084181711547644
1968-12-01,0.03920579224071373
1969-01-01,0.020039129428375282
1969-02-01,0.04153381278289499
1969-03-01,0.02043178316506784
1969-04-01,0.014606001167274129
1969-05-01,0.012461116545343539
1969-06-01,0.08643623145040841
1969-07-01,0.06858480789299375
1969-08-01,0.0306999935733155
1969-09-01,0.019851330418235225
1969-10-01,0.048446013861197956
1969-11-01,0.034517885607949314
1969-12-01,0.04625701623236701
1970-01-01,0.04397911913631333
1970-02-01,0.03073008242148547
1970-03-01,0.024371654098784834
1970-04-01,0.19656976126412729
1970-05-01,0.2605130453423369
1970-06-01,0.12209531447479971
1970-07-01,0.04616422464563112
1970-08-01,0.026646990257930273
1970-09-01,0.8575705330826919
1970-10-01,0.7395131140046792
1970-11-01,0.6249322678287588
1970-12-01,0.426715044917029
1971-01-01,0.9333461442117398
1971-02-01,0.6033120059397664
1971-03-01,0.3868520253606751
1971-04-01,0.14819965938770957
1971-05-01,0.05748203777577328
1971-06-01,0.02905533966196229
1971-07-01,0.01916105603936928
1971-08-01,0.0137714271627843
1971-09-01,0.012598138802805013
1971-10-01,0.014374056150982827
1971-11-01,0.020751350219111835
1971-12-01,0.03477341142243674
1972-01-01,0.2297114499387385
1972-02-01,0.09679033255300479
1972-03-01,0.03752390127776785
1972-04-01,0.01934501887416515
1972-05-01,0.02263201322326802
1972-06-01,0.015000846001564781
1972-07-01,0.022189555446056736
1972-08-01,0.04408663512285868
1972-09-01,0.033854096321773455
1972-10-01,0.02979331653801562
1972-11-01,0.018294354324623133
1972-12-01,0.01724695299149691
1973-01-01,0.030530993311005818
1973-02-01,0.04847772402201575
1973-03-01,0.03762042268462535
1973-04-01,0.052793362496071215
1973-05-01,0.3023235040050754
1973-06-01,0.1787880062403099
1973-07-01,0.9130921399952049
1973-08-01,0.5702135172808352
1973-09-01,0.3973232917092499
1973-10-01,0.1518811362168418
1973-11-01,0.8279899210021401
1973-12-01,0.859549230277649
1974-01-01,0.9992967959181788
1974-02-01,0.6028332201664036
1974-03-01,0.3766615196742067
1974-04-01,0.1451773364985339
1974-05-01,0.09238866295980011
1974-06-01,0.03609525175475479
1974-07-01,0.02005719465837813
1974-08-01,0.014336658471071531
1974-09-01,0.01252895552785058
1974-10-01,0.026597846733261755
1974-11-01,0.017245945512711282
1974-12-01,0.06320684442170976
1975-01-01,0.9977620449570375
1975-02-01,0.6019051923874792
1975-03-01,0.5311747624320619
1975-04-01,0.2216731703603786
1975-05-01,0.23953929991677578
1975-06-01,0.09260482018872242
1975-07-01,0.0645954746903435
1975-08-01,0.053657502794243424
1975-09-01,0.024060166768575933
1975-10-01,0.04809287242130358
1975-11-01,0.024361797877314656
1975-12-01,0.01589743292311713
1976-01-01,0.08320851068875641
1976-02-01,0.6312719223794104
1976-03-01,0.29358682000143216
1976-04-01,0.10767564280463991
1976-05-01,0.04431710417359606
1976-06-01,0.023515473612537068
1976-07-01,0.015264479638275489
1976-08-01,0.01657729262130448
1976-09-01,0.013066380539501807
1976-10-01,0.01206731310518069
1976-11-01,0.01876134862298408
1976-12-01,0.029348814795900572
1977-01-01,0.09812614951102984
1977-02-01,0.0420529863147901
1977-03-01,0.022693682529350525
1977-04-01,0.014804901693449958
1977-05-01,0.014518098849894728
1977-06-01,0.01807070384380744
1977-07-01,0.019705083467038895
1977-08-01,0.01736427953088309
1977-09-01,0.01630363753583015
1977-10-01,0.014838383383672292
1977-11-01,0.03782597232295909
1977-12-01,0.02293862567126412
1978-01-01,0.023291595062290605
1978-02-01,0.0428803465130177
1978-03-01,0.054374944246303694
1978-04-01,0.024768823732762436
1978-05-01,0.07826174359639697
1978-06-01,0.04130731005299327
1978-07-01,0.020639445311552457
1978-08-01,0.10475849498745982
1978-09-01,0.04035242116919506
1978-10-01,0.9678645253564337
1978-11-01,0.742237256920772
1978-12-01,0.3867936440726547
1979-01-01,0.33178934428909773
1979-02-01,0.12623792907275494
1979-03-01,0.10505381103749889
1979-04-01,0.0596111167436059
1979-05-01,0.026136327302633437
1979-06-01,0.01792824267127338
1979-07-01,0.01567707076681677
1979-08-01,0.018017528868561453
1979-09-01,0.013443321066233058
1979-10-01,0.026533378292006988
1979-11-01,0.030894688627029904
1979-12-01,0.06725907840212317
1980-01-01,0.03570488636913177
1980-02-01,0.02322110544193366
1980-03-01,0.29100942951322584
1980-04-01,0.11775164577540644
1980-05-01,0.0630577500525778
1980-06-01,0.03444801327985046
1980-07-01,0.06986692114817242
1980-08-01,0.0959217966251388
1980-09-01,0.040789332951811336
1980-10-01,0.0328074987049097
1980-11-01,0.03681224295059819
1980-12-01,0.019009117032645954
1981-01-01,0.027892688618210287
1981-02-01,0.01645959203778765
1981-03-01,0.0325937042537435
1981-04-01,0.08742647199767276
1981-05-01,0.0477361948796845
1981-06-01,0.023040556361005507
1981-07-01,0.019666876564651298
1981-08-01,0.017758115817366884
1981-09-01,0.02162812710278374
1981-10-01,0.021514933966866375
1981-11-01,0.015446266587368505
1981-12-01,0.014522071937820525
1982-01-01,0.013592617624425459
1982-02-01,0.012495895254165678
1982-03-01,0.011822079319045784
1982-04-01,0.014853925883575673
1982-05-01,0.012609552241281824
1982-06-01,0.011921953679487673
1982-07-01,0.012706338187042684
1982-08-01,0.0426376279288084
1982-09-01,0.04108581927068129
1982-10-01,0.032825698366788635
1982-11-01,0.09560723092067776
1982-12-01,0.03716293594471625
1983-01-01,0.0370654947860308
1983-02-01,0.043776193397876056
1983-03-01,0.027686872638870038
1983-04-01,0.016751033938342375
1983-05-01,0.2289049331400711
1983-06-01,0.08994863033659495
1983-07-01,0.043246109784025544
1983-08-01,0.07374516527352
1983-09-01,0.03158306863690645
1983-10-01,0.04128277191190271
1983-11-01,0.029006422302984083
1983-12-01,0.01667789201884464
1984-01-01,0.013077834529696889
1984-02-01,0.014304125822470823
1984-03-01,0.01240942876955111
1984-04-01,0.01273541756118557
1984-05-01,0.011937092990891063
1984-06-01,0.01166474232327444
1984-07-01,0.015902145782091853
1984-08-01,0.012826559113703515
1984-09-01,0.012002535210006705
1984-10-01,0.01251427877505585
1984-11-01,0.012115916552028521
1984-12-01,0.011938900736928916
1985-01-01,0.028299101281370233
1985-02-01,0.017418905079841993
1985-03-01,0.014125162247689723
1985-04-01,0.012352286540803012
1985-05-01,0.016696692239715642
1985-06-01,0.013453316350137315
1985-07-01,0.023755850875324724
1985-08-01,0.015140420918148642
1985-09-01,0.014816705947382113
1985-10-01,0.014334664555490694
1985-11-01,0.012469658705965633
1985-12-01,0.011939705851399036
1986-01-01,0.0132739989602873
1986-02-01,0.012205522101494294
1986-03-01,0.011868891099684697
1986-04-01,0.022160968181369076
1986-05-01,0.01634831431795882
1986-06-01,0.013546761854706789
1986-07-01,0.02725383173911354
1986-08-01,0.053381338000824695
1986-09-01,0.03903831423200267
1986-10-01,0.030007083820251523
1986-11-01,0.021176548949214974
1986-12-01,0.014489444552259404
1987-01-01,0.015581193257606893
1987-02-01,0.033876251065477085
1987-03-01,0.018711069323262115
1987-04-01,0.016414045484292056
1987-05-01,0.013101865316109552
1987-06-01,0.015663221752430068
1987-07-01,0.012911159787996907
1987-08-01,0.012387277506239837
1987-09-01,0.012285525503224311
1987-10-01,0.6541568348937064
1987-11-01,0.43402282426843175
1987-12-01,0.16933660899307504
1988-01-01,0.06310150636028969
1988-02-01,0.06592662533297303
1988-03-01,0.348229506187629
1988-04-01,0.14043875299670783
1988-05-01,0.07787465760426127
1988-06-01,0.04475803566979494
1988-07-01,0.021377527952820996
1988-08-01,0.014473386973373017
1988-09-01,0.013790093086644216
1988-10-01,0.021751124642133645
1988-11-01,0.017164716172328197
1988-12-01,0.01810597138803246
1989-01-01,0.018412524555313465
1989-02-01,0.026325610827770286
1989-03-01,0.016716351248391895
1989-04-01,0.013316269260097475
1989-05-01,0.012063865229977225
1989-06-01,0.012299740237485805
1989-07-01,0.03815140714374335
1989-08-01,0.02017407453424734
1989-09-01,0.014287979148580484
1989-10-01,0.025331285339172442
1989-11-01,0.016894749178940332
1989-12-01,0.018996710210379235
1990-01-01,0.01476482988896052
1990-02-01,0.013744585792042574
1990-03-01,0.014894755794161763
1990-04-01,0.012614034927876203
1990-05-01,0.018376201198155622
1990-06-01,0.016078980249611845
1990-07-01,0.024552892283684555
1990-08-01,0.03556366823722805
1990-09-01,0.04606397539678635
1990-10-01,0.16931232822795092
1990-11-01,0.0629985024081738
1990-12-01,0.028777525674764742
1991-01-01,0.05270659714448518
1991-02-01,0.08479285258901202
1991-03-01,0.10886342241526496
1991-04-01,0.042676121944785456
1991-05-01,0.020828489838493572
1991-06-01,0.014378901237248751
1991-07-01,0.013008232477815893
1991-08-01,0.015049612627784275
1991-09-01,0.0162284361312416
1991-10-01,0.0137783098293007
1991-11-01,0.012311122503023257
1991-12-01,0.016466599297357686
1992-01-01,0.8038775164916427
1992-02-01,0.4216114203214044
1992-03-01,0.17016309220035494
1992-04-01,0.5045729524233665
1992-05-01,0.20836261786425256
1992-06-01,0.13693421343040427
1992-07-01,0.05085734500340146
1992-08-01,0.023216063983212396
1992-09-01,0.015534074240771382
1992-10-01,0.018752643209178185
1992-11-01,0.04119034766343681
1992-12-01,0.025941322443394553
1993-01-01,0.021625624072774963
1993-02-01,0.031844288631617715
1993-03-01,0.017773680191406002
1993-04-01,0.013581111267330312
1993-05-01,0.01761601276629762
1993-06-01,0.013335782103878785
1993-07-01,0.013263928426547136
1993-08-01,0.012109668501780232
1993-09-01,0.025972989672570244
1993-10-01,0.022332310148697354
1993-11-01,0.016147303268550725
1993-12-01,0.014786083380859667
1994-01-01,0.012714594895063339
1994-02-01,0.022624322573136103
1994-03-01,0.015772026124144932
1994-04-01,0.01337072710850844
1994-05-01,0.01604031614235026
1994-06-01,0.012927755656397921
1994-07-01,0.014705924641286715
1994-08-01,0.015350513414133111
1994-09-01,0.027366948801425553
1994-10-01,0.021915548430456698
1994-11-01,0.01478722306317797
1994-12-01,0.012589940728439778
1995-01-01,0.027716247985061476
1995-02-01,0.016541119924475427
1995-03-01,0.013002471732573209
1995-04-01,0.012083030996854767
1995-05-01,0.017942823535907575
1995-06-01,0.030874120601141107
1995-07-01,0.02518787288861222
1995-08-01,0.018283984507508337
1995-09-01,0.018315020280385133
1995-10-01,0.03669365391040387
1995-11-01,0.02032835771659706
1995-12-01,0.014840772162100429
1996-01-01,0.021485308342132838
1996-02-01,0.019246626457736275
1996-03-01,0.01669071311213234
1996-04-01,0.1073985403144011
1996-05-01,0.09208443783132789
1996-06-01,0.10427516566220711
1996-07-01,0.13476091223315423
1996-08-01,0.08125385744649587
1996-09-01,0.03443021019662626
1996-10-01,0.06890856828840644
1996-11-01,0.08633412882373293
1996-12-01,0.07478079124614664
1997-01-01,0.038603040820547066
1997-02-01,0.038353677732747775
1997-03-01,0.019491995730720333
1997-04-01,0.13423931663421385
1997-05-01,0.30814571269978486
1997-06-01,0.1287775743812957
1997-07-01,0.07720688733058914
1997-08-01,0.6631888548180355
1997-09-01,0.4264387491417584
1997-10-01,0.16864323563225994
1997-11-01,0.3015884032626406
1997-12-01,0.15890720540629608
1998-01-01,0.0610788604690027
1998-02-01,0.026486130136980812
1998-03-01,0.017263748686621217
1998-04-01,0.013258768769954708
1998-05-01,0.026674553879630088
1998-06-01,0.03164091302193014
1998-07-01,0.08713729836042952
1998-08-01,0.23863247312759978
1998-09-01,0.08651402982032788
1998-10-01,0.06144783503159516
1998-11-01,0.03071530254428314
1998-12-01,0.01729351879893493
1999-01-01,0.013923811478460838
1999-02-01,0.14884248144028725
1999-03-01,0.14085571245978637
1999-04-01,0.1616696422197685
1999-05-01,0.1369040126286296
1999-06-01,0.11398746521578268
1999-07-01,0.07125300489725311
1999-08-01,0.03087646718484316
1999-09-01,0.038496499612225635
1999-10-01,0.40732610572562283
1999-11-01,0.8924192859016683
1999-12-01,0.9680171310055148
2000-01-01,0.9196663031843995
2000-02-01,0.9999999999999991
2000-03-01,0.9999999999268487
2000-04-01,0.9547082779124052
2000-05-01,0.9479654180987802
2000-06-01,0.9999975391542009
2000-07-01,0.725832773350887
2000-08-01,0.34407533912054783
2000-09-01,0.15164674896279606
2000-10-01,0.1437728253872147
2000-11-01,0.09722979497557727
2000-12-01,0.04036145295865093
2001-01-01,0.36123106055597354
2001-02-01,0.13802428913932674
2001-03-01,0.05154813634886758
2001-04-01,0.02419006677725514
2001-05-01,0.025751862697647208
2001-06-01,0.29338300714287824
2001-07-01,0.27915306082334956
2001-08-01,0.1477573515853879
2001-09-01,0.4950394123024503
2001-10-01,0.9573293484966607
2001-11-01,0.5562052528505707
2001-12-01,0.6539124136666822
2002-01-01,0.32079706548524844
2002-02-01,0.12572855121250145
2002-03-01,0.16449946735271637
2002-04-01,0.4988563876305135
2002-05-01,0.3471671505770026
2002-06-01,0.3724753822208203
2002-07-01,0.5469628229324361
2002-08-01,0.33504265486793433
2002-09-01,0.1917783588904346
2002-10-01,0.14350746591415586
2002-11-01,0.12026805071439886
2002-12-01,0.04508844644553491
2003-01-01,0.02540323991670983
2003-02-01,0.015697679754489755
2003-03-01,0.014576488132095004
2003-04-01,0.01324561169914482
2003-05-01,0.0654622639116964
2003-06-01,0.03577376008001773
2003-07-01,0.1223915084243852
2003-08-01,0.07452949737175976
2003-09-01,0.032862215124226005
2003-10-01,0.0313891885457887
2003-11-01,0.025155591703683342
2003-12-01,0.02511211364518749
2004-01-01,0.0268418438484156
2004-02-01,0.018643506162346613
2004-03-01,0.017828901395506438
2004-04-01,0.01614236666804839
2004-05-01,0.01288942339629046
2004-06-01,0.01851477506710286
2004-07-01,0.03606462186265183
2004-08-01,0.021590837916662213
2004-09-01,0.03080970329970873
2004-10-01,0.01730799389142126
2004-11-01,0.04134151409534467
2004-12-01,0.020366655306926135
2005-01-01,0.016761361607536492
2005-02-01,0.013236072371310432
2005-03-01,0.013564264689042371
2005-04-01,0.03546149022198698
2005-05-01,0.03674525793791313
2005-06-01,0.03299263592121075
2005-07-01,0.035476874915836516
2005-08-01,0.01979885874677703
2005-09-01,0.01418388938705189
2005-10-01,0.013599844530799318
2005-11-01,0.013561966287092508
2005-12-01,0.012205991189202299
2006-01-01,0.11868816922019637
2006-02-01,0.04473982580193514
2006-03-01,0.054354313145990416
2006-04-01,0.02715818996850093
2006-05-01,0.02975978259168279
2006-06-01,0.01693799816252762
2006-07-01,0.03869689359256069
2006-08-01,0.02158590321705605
2006-09-01,0.01598851976690733
2006-10-01,0.017011533521770875
2006-11-01,0.013769450488673275
2006-12-01,0.01316250603961279
2007-01-01,0.012070568500820115
2007-02-01,0.013536910120597066
2007-03-01,0.012180103081991026
2007-04-01,0.016157120108665934
2007-05-01,0.012986641551336074
2007-06-01,0.012699978122887961
2007-07-01,0.019110263933634672
2007-08-01,0.013754502090276913
2007-09-01,0.016997648899975414
2007-10-01,0.013254090009480048
2007-11-01,0.02053208062604262
2007-12-01,0.014245527104547323
2008-01-01,0.013050293187252711
2008-02-01,0.012078391737010833
2008-03-01,0.01238658878333717
2008-04-01,0.014097358838209948
2008-05-01,0.025720158278120006
2008-06-01,0.017859232657527317
2008-07-01,0.023770781852622498
2008-08-01,0.039059832974338723
2008-09-01,0.02093698007958293
2008-10-01,0.0202969734024255
2008-11-01,0.026075967354285294
2008-12-01,0.04346533767575869
2009-01-01,0.0210408217263652
2009-02-01,0.01441407182905706
2009-03-01,0.012382702590924045
2009-04-01,0.11384054343133215
2009-05-01,0.06222994958350567
2009-06-01,0.04650623170440954
2009-07-01,0.02875935322559118
2009-08-01,0.01780210746075303
2009-09-01,0.022173656309629426
2009-10-01,0.051571799556758696
2009-11-01,0.035325143368391584
2009-12-01,0.26082445676601895
2010-01-01,0.09710147743838697
2010-02-01,0.042871765354224205
2010-03-01,0.025317378161176962
2010-04-01,0.09757026836172628
2010-05-01,0.037951921365188594
2010-06-01,0.023633233939895165
2010-07-01,0.015243213978982746
2010-08-01,0.02337130319453337
2010-09-01,0.0489306057588062
2010-10-01,0.02538056691146125
2010-11-01,0.04661965429170578
2010-12-01,0.023233653127308254
2011-01-01,0.0211128325212364
2011-02-01,0.0176515515776834
2011-03-01,0.022629705107913317
2011-04-01,0.014863612178820434
2011-05-01,0.01282797794252097
2011-06-01,0.011929451821296837
2011-07-01,0.012604146474116583
2011-08-01,0.02149888730819534
2011-09-01,0.02803193323115057
2011-10-01,0.03543825983794545
2011-11-01,0.018578090103911808
2011-12-01,0.013765859973539386
2012-01-01,0.01740286975087031
2012-02-01,0.016432407397133784
2012-03-01,0.013191982056169848
2012-04-01,0.012065566749187677
2012-05-01,0.011763911191257404
2012-06-01,0.012306129123199507
2012-07-01,0.019671457389905903
2012-08-01,0.014378994098866182
2012-09-01,0.012719864939808236
2012-10-01,0.012701229981654839
2012-11-01,0.012408803811296512
2012-12-01,0.014528752382460892
2013-01-01,0.012602432559724302
2013-02-01,0.011870726790488225
2013-03-01,0.012532716445677175
2013-04-01,0.017162415636817183
2013-05-01,0.017117714912466962
2013-06-01,0.015502434763310135
2013-07-01,0.01702370877389944
2013-08-01,0.013369901898227189
2013-09-01,0.024362332430970027
2013-10-01,0.01775695390622461
2013-11-01,0.01572199312303222
2013-12-01,0.012839722958664642
2014-01-01,0.01303972222053317
2014-02-01,0.012224515901958149
2014-03-01,0.014640009411401849
2014-04-01,0.041995746726239805
2014-05-01,0.02548617672470918
2014-06-01,0.0338415419182654
2014-07-01,0.060262103707458076
2014-08-01,0.026708041864262205
2014-09-01,0.038715456535485304
2014-10-01,0.07224683436510948
2014-11-01,0.038863458724417974
2014-12-01,0.03366896155940226
2015-01-01,0.01830912981172822
2015-02-01,0.014133688858840577
2015-03-01,0.02673845494972392
2015-04-01,0.029284046173781927
2015-05-01,0.018372988432202496
2015-06-01,0.027902867381546098
2015-07-01,0.054307413746104996
2015-08-01,0.02476725919917372
2015-09-01,0.024465394053415183
2015-10-01,0.019290740525730814
2015-11-01,0.03938674329517116
2015-12-01,0.03337018063199242
2016-01-01,0.03949603968643606
2016-02-01,0.020996639803580408
2016-03-01,0.015224786084705504
2016-04-01,0.0134658352223023
2016-05-01,0.012103937907881987
2016-06-01,0.012227399331841254
2016-07-01,0.019650883157140062
2016-08-01,0.015895553853879404
2016-09-01,0.018715496044155292
2016-10-01,0.05209547851202299
2016-11-01,0.236431318331881
2016-12-01,0.08610939582252308
2017-01-01,0.036743565490414055
2017-02-01,0.025584453300167398
2017-03-01,0.01774407808526086
2017-04-01,0.014044990673058602
2017-05-01,0.01874573194089604
2017-06-01,0.02084499327226993
2017-07-01,0.01619101701594952
2017-08-01,0.015349058214247664
2017-09-01,0.06158754523796813
2017-10-01,0.03349551619293816
2017-11-01,0.01826892622892696
2017-12-01,0.014968265350988372
2018-01-01,0.024809475937670758
2018-02-01,0.01564083618224517
2018-03-01,0.04795654112548877
2018-04-01,0.025098051617138198
2018-05-01,0.1291262506317627
2018-06-01,0.05391026907836199
2018-07-01,0.03329614968333558
2018-08-01,0.020366113408624396
2018-09-01,0.019931051827970718
2018-10-01,0.06503816331855079
2018-11-01,0.028226496425535853
2018-12-01,0.023326941650661556
2019-01-01,0.028455749412239117
2019-02-01,0.02382710735398287
2019-03-01,0.028210383767822138
2019-04-01,0.019862388336458682
2019-05-01,0.015325964808966412
2019-06-01,0.012713989719752457
2019-07-01,0.015216477808944464
2019-08-01,0.018413616254947095
2019-09-01,0.014246989254238833
2019-10-01,0.01250245683477682
2019-11-01,0.012533695194694052
2019-12-01,0.01261187164545318
2020-01-01,0.022845813142492306
2020-02-01,0.016671705258605472
2020-03-01,0.06042011506296843
2020-04-01,0.04413639841825777
2020-05-01,0.034550353341045684
2020-06-01,0.03335062402836815
2020-07-01,0.025801834844982788
2020-08-01,0.015721977417862194
2020-09-01,0.01280670606025763
2020-10-01,0.054068743020996485
2020-11-01,0.27745517546284715
2020-12-01,0.467893297230522
2021-01-01,0.9320732909907838
2021-02-01,0.6143064455659405
2021-03-01,0.34369140489089717
2021-04-01,0.230108108120738
2021-05-01,0.08324205725394207
2021-06-01,0.04284380800457506
2021-07-01,0.0597696771441449
2021-08-01,0.02597567009716955
2021-09-01,0.016587042263454903
2021-10-01,0.018202002716679093
2021-11-01,0.014920337124895752
2021-12-01,0.014774207746036723
2022-01-01,0.14136014638941435
2022-02-01,0.07657402721839882
2022-03-01,0.03594838342476195
2022-04-01,0.02085635449893078
2022-05-01,0.017682684614093544
2022-06-01,0.019408271975860956
2022-07-01,0.02724751866737698
2022-08-01,0.01943726676048018
2022-09-01,0.01423678668891016
2022-10-01,0.012353952030216858
2022-11-01,0.028408482033562932
2022-12-01,0.01695136751142437
2023-01-01,0.09401125182462802
2023-02-01,0.040750632313935414
2023-03-01,0.1542993044809045
2023-04-01,0.11685467807964647
2023-05-01,0.05505604248977632
2023-06-01,0.029995110863041984
2023-07-01,0.025236299561948262
2023-08-01,0.02909861065364299
2023-09-01,0.024997481752337652
2023-10-01,0.043262200818624294
2023-11-01,0.02091926429161922
2023-12-01,0.2601627437975656
2024-01-01,0.3976258285035283
2024-02-01,0.1520305439298456
2024-03-01,0.08191924799058856
2024-04-01,0.04709695426689055
2024-05-01,0.02294219603937863
2024-06-01,0.027612530118162084
2024-07-01,0.4041118098823442
2024-08-01,0.30250524917827837
2024-09-01,0.11122329088364713
2024-10-01,0.0441573644294331
2024-11-01,0.10574041114138343
2024-12-01,0.06470060653752994
2025-01-01,0.03487965413309332
2025-02-01,0.176358888777025
2025-03-01,0.10251437335138287
2025-04-01,0.03973234380630452
2025-05-01,0.02090906584802392
2025-06-01,0.01530511627607627
2025-07-01,0.012841112084692977
2025-08-01,0.03869952143820019
2025-09-01,0.024581959503929482
2025-10-01,0.015881707085452133
2025-11-01,0.013288358640514867
2025-12-01,0.012772208737410938
2026-01-01,0.017631871446862932
2026-02-01,0.013479173889799894
2026-03-01,0.012438944414162559
2026-04-01,0.011878229264595273
